"status","kind","title","source_path","markdown_source","staged_path"
"published","html_existing","The Computational Architecture of Reality: The Tamesis Kernel and the Emergence of Spacetime","90_LEGACY\06_TOE_ARCHITECTURE_OF_REALITY\01_Treatises\paper.html","","publicados/90_LEGACY/06_TOE_ARCHITECTURE_OF_REALITY/01_Treatises/paper.html"
"published","html_existing","The Resolution of the P vs NP Problem: Algorithmic Entropy and Thermodynamic Censorship","RECURSOS_PARA_PESQUISA\07_MILLENNIUM_VALIDATION\PROBLEM_01_P_VS_NP\05_PROOFS\paper.html","","publicados/RECURSOS_PARA_PESQUISA/07_MILLENNIUM_VALIDATION/PROBLEM_01_P_VS_NP/05_PROOFS/paper.html"
"published","html_existing","The Physical Resolution of the Riemann Hypothesis via Spectral Entropy and Thermodynamic Stability","RECURSOS_PARA_PESQUISA\07_MILLENNIUM_VALIDATION\PROBLEM_02_RIEMANN\04_PAPERS\paper.html","","publicados/RECURSOS_PARA_PESQUISA/07_MILLENNIUM_VALIDATION/PROBLEM_02_RIEMANN/04_PAPERS/paper.html"
"published","html_existing","Global Regularity of 3D Navier-Stokes via the Alignment Gap Mechanism","RECURSOS_PARA_PESQUISA\07_MILLENNIUM_VALIDATION\PROBLEM_03_NAVIER_STOKES\04_PAPERS\paper.html","","publicados/RECURSOS_PARA_PESQUISA/07_MILLENNIUM_VALIDATION/PROBLEM_03_NAVIER_STOKES/04_PAPERS/paper.html"
"published","html_existing","The Structural Resolution of the Yang-Mills Existence and Mass Gap Problem","RECURSOS_PARA_PESQUISA\07_MILLENNIUM_VALIDATION\PROBLEM_04_YANG_MILLS\04_PAPERS\paper.html","","publicados/RECURSOS_PARA_PESQUISA/07_MILLENNIUM_VALIDATION/PROBLEM_04_YANG_MILLS/04_PAPERS/paper.html"
"published","html_existing","The Resolution of the Hodge Conjecture via Structural Rigidity","RECURSOS_PARA_PESQUISA\07_MILLENNIUM_VALIDATION\PROBLEM_05_HODGE_CONJECTURE\05_PROOFS\paper.html","","publicados/RECURSOS_PARA_PESQUISA/07_MILLENNIUM_VALIDATION/PROBLEM_05_HODGE_CONJECTURE/05_PROOFS/paper.html"
"published","html_existing","The Resolution of BSD via Iwasawa Theory","RECURSOS_PARA_PESQUISA\07_MILLENNIUM_VALIDATION\PROBLEM_06_BIRCH_SWINNERTON_DYER\04_PAPERS\paper.html","","publicados/RECURSOS_PARA_PESQUISA/07_MILLENNIUM_VALIDATION/PROBLEM_06_BIRCH_SWINNERTON_DYER/04_PAPERS/paper.html"
"to_publish","html_existing","The Holographic Origin of Matter and Dynamics - Complete Papers","01_TAMESIS_CORE\01_Foundation\Core_Papers\example.html","","publicar/01_TAMESIS_CORE/01_Foundation/Core_Papers/example.html"
"to_publish","html_existing","Baryon Topology: Protons as Braided Knots","01_TAMESIS_CORE\01_Foundation\Core_Papers\paper_baryon_topology\index.html","","publicar/01_TAMESIS_CORE/01_Foundation/Core_Papers/paper_baryon_topology/index.html"
"to_publish","html_existing","Laboratory Bekenstein Test: Can We Measure I ∝ Area?","01_TAMESIS_CORE\01_Foundation\Core_Papers\paper_bekenstein_lab\index.html","","publicar/01_TAMESIS_CORE/01_Foundation/Core_Papers/paper_bekenstein_lab/index.html"
"to_publish","html_existing","dS/CFT: Holography in Our Universe","01_TAMESIS_CORE\01_Foundation\Core_Papers\paper_ds_cft\index.html","","publicar/01_TAMESIS_CORE/01_Foundation/Core_Papers/paper_ds_cft/index.html"
"to_publish","html_existing","Emergent Time: Time Is Not Fundamental","01_TAMESIS_CORE\01_Foundation\Core_Papers\paper_emergent_time\index.html","","publicar/01_TAMESIS_CORE/01_Foundation/Core_Papers/paper_emergent_time/index.html"
"to_publish","html_existing","Fine Structure Constant: Why α = 1/137?","01_TAMESIS_CORE\01_Foundation\Core_Papers\paper_fine_structure\index.html","","publicar/01_TAMESIS_CORE/01_Foundation/Core_Papers/paper_fine_structure/index.html"
"to_publish","html_existing","The Holographic Universe: Information, Entropy, and the Nature of Reality","01_TAMESIS_CORE\01_Foundation\Core_Papers\paper_holografia\index.html","","publicar/01_TAMESIS_CORE/01_Foundation/Core_Papers/paper_holografia/index.html"
"to_publish","html_existing","Horizon Access: Can We Read the Holographic Boundary?","01_TAMESIS_CORE\01_Foundation\Core_Papers\paper_horizon_access\index.html","","publicar/01_TAMESIS_CORE/01_Foundation/Core_Papers/paper_horizon_access/index.html"
"to_publish","html_existing","The Origin of Omega: Why Ω = 117.038?","01_TAMESIS_CORE\01_Foundation\Core_Papers\paper_origin_omega\index.html","","publicar/01_TAMESIS_CORE/01_Foundation/Core_Papers/paper_origin_omega/index.html"
"to_publish","html_existing","Experimental Test of Entropic Quantum Mechanics","01_TAMESIS_CORE\01_Foundation\Core_Papers\paper_schrodinger_test\index.html","","publicar/01_TAMESIS_CORE/01_Foundation/Core_Papers/paper_schrodinger_test/index.html"
"to_publish","html_existing","Force Unification in Entropic Gravity","01_TAMESIS_CORE\01_Foundation\Core_Papers\paper_unification\index.html","","publicar/01_TAMESIS_CORE/01_Foundation/Core_Papers/paper_unification/index.html"
"to_publish","html_existing","The Tamesis Theory: Structural Unity and Falsification","01_TAMESIS_CORE\01_Foundation\paper.html","","publicar/01_TAMESIS_CORE/01_Foundation/paper.html"
"to_publish","html_existing","Absolute Inevitability: The Tamesis Theory Final Decree","01_TAMESIS_CORE\01_Foundation\paper_final.html","","publicar/01_TAMESIS_CORE/01_Foundation/paper_final.html"
"to_publish","html_existing","Information as Geometry: A Computational Verification of Entropic Gravity","01_TAMESIS_CORE\01_Foundation\Scientific_Engines\EntropicGravity_Engine\index.html","","publicar/01_TAMESIS_CORE/01_Foundation/Scientific_Engines/EntropicGravity_Engine/index.html"
"to_publish","html_existing","Informação como Geometria: Uma Verificação Computacional da Gravidade Entrópica","01_TAMESIS_CORE\01_Foundation\Scientific_Engines\EntropicGravity_Engine\index_ptbr.html","","publicar/01_TAMESIS_CORE/01_Foundation/Scientific_Engines/EntropicGravity_Engine/index_ptbr.html"
"to_publish","markdown_converted","Information as Geometry: A Computational Verification of ...","01_TAMESIS_CORE\01_Foundation\Scientific_Engines\EntropicGravity_Engine\PAPER.html","01_TAMESIS_CORE\01_Foundation\Scientific_Engines\EntropicGravity_Engine\PAPER.md","publicar/01_TAMESIS_CORE/01_Foundation/Scientific_Engines/EntropicGravity_Engine/PAPER.html"
"to_publish","html_existing","The Holographic Origin of Matter and Dynamics: A Unified Geometric Framework","01_TAMESIS_CORE\01_Foundation\Scientific_Engines\HolographicOrigin\index.html","","publicar/01_TAMESIS_CORE/01_Foundation/Scientific_Engines/HolographicOrigin/index.html"
"to_publish","markdown_converted","The Holographic Origin of Matter and Dynamics: A Unified ...","01_TAMESIS_CORE\01_Foundation\Scientific_Engines\HolographicOrigin\LANDMARK_PAPER.html","01_TAMESIS_CORE\01_Foundation\Scientific_Engines\HolographicOrigin\LANDMARK_PAPER.md","publicar/01_TAMESIS_CORE/01_Foundation/Scientific_Engines/HolographicOrigin/LANDMARK_PAPER.html"
"to_publish","html_existing","The Reactive Universe: A Unified Entropic Solution","01_TAMESIS_CORE\01_Foundation\Scientific_Engines\ReactiveCosmoMapper\index.html","","publicar/01_TAMESIS_CORE/01_Foundation/Scientific_Engines/ReactiveCosmoMapper/index.html"
"to_publish","html_existing","O Universo Reativo: Uma Solução Entrópica Unificada","01_TAMESIS_CORE\01_Foundation\Scientific_Engines\ReactiveCosmoMapper\index_ptbr.html","","publicar/01_TAMESIS_CORE/01_Foundation/Scientific_Engines/ReactiveCosmoMapper/index_ptbr.html"
"to_publish","markdown_converted","THE REACTIVE UNIVERSE: A Computational Solution to the Da...","01_TAMESIS_CORE\01_Foundation\Scientific_Engines\ReactiveCosmoMapper\THE_REACTIVE_UNIVERSE_PAPER.html","01_TAMESIS_CORE\01_Foundation\Scientific_Engines\ReactiveCosmoMapper\THE_REACTIVE_UNIVERSE_PAPER.md","publicar/01_TAMESIS_CORE/01_Foundation/Scientific_Engines/ReactiveCosmoMapper/THE_REACTIVE_UNIVERSE_PAPER.html"
"to_publish","html_existing","The Informational Architecture of Reality: A Unified Formulation – Douglas H. M. Fulber","01_TAMESIS_CORE\01_Foundation\The_Tamesis_Manuscript.html","","publicar/01_TAMESIS_CORE/01_Foundation/The_Tamesis_Manuscript.html"
"to_publish","markdown_converted","Derivation of Fundamental Electronic Properties from Holo...","01_TAMESIS_CORE\01_Foundation\Theoretical_Labs\DerivationofFundamental\docs\relatorios\PAPER_THE_GEOMETRY_OF_MATTER.html","01_TAMESIS_CORE\01_Foundation\Theoretical_Labs\DerivationofFundamental\docs\relatorios\PAPER_THE_GEOMETRY_OF_MATTER.md","publicar/01_TAMESIS_CORE/01_Foundation/Theoretical_Labs/DerivationofFundamental/docs/relatorios/PAPER_THE_GEOMETRY_OF_MATTER.html"
"to_publish","markdown_converted","PlanckDynamics: A Reactive Entropic Solution to the Dark ...","01_TAMESIS_CORE\01_Foundation\Theoretical_Labs\PlanckDynamics_Sim\docs\scientific_paper.html","01_TAMESIS_CORE\01_Foundation\Theoretical_Labs\PlanckDynamics_Sim\docs\scientific_paper.md","publicar/01_TAMESIS_CORE/01_Foundation/Theoretical_Labs/PlanckDynamics_Sim/docs/scientific_paper.html"
"to_publish","html_existing","The Holographic Origin of Matter and Dynamics - Complete Papers","01_TAMESIS_CORE\01_Foundation\unified_papers.html","","publicar/01_TAMESIS_CORE/01_Foundation/unified_papers.html"
"to_publish","html_existing","The Topological Origin of Spin: Fermions as Genus-1 Geometrodynamic Defects | TAMESIS Framework","01_TAMESIS_CORE\02_Experimental_Validation\Black_Hole_Information\origins\index.html","","publicar/01_TAMESIS_CORE/02_Experimental_Validation/Black_Hole_Information/origins/index.html"
"to_publish","html_existing","Black Hole Information Paradox: Resolved","01_TAMESIS_CORE\02_Experimental_Validation\Black_Hole_Information\paper_information_paradox\index.html","","publicar/01_TAMESIS_CORE/02_Experimental_Validation/Black_Hole_Information/paper_information_paradox/index.html"
"to_publish","html_existing","Black Hole Singularity: The Center Is Our Past","01_TAMESIS_CORE\02_Experimental_Validation\Black_Hole_Information\paper_singularity\index.html","","publicar/01_TAMESIS_CORE/02_Experimental_Validation/Black_Hole_Information/paper_singularity/index.html"
"to_publish","html_existing","Macroscopic Wormholes: From Leptons to Spacecraft","01_TAMESIS_CORE\02_Experimental_Validation\Black_Hole_Information\paper_wormholes\index.html","","publicar/01_TAMESIS_CORE/02_Experimental_Validation/Black_Hole_Information/paper_wormholes/index.html"
"to_publish","html_existing","Information Conservation in Black Hole Evaporation: The Page Curve via Unitary Scrambling | TAMESIS Framework","01_TAMESIS_CORE\02_Experimental_Validation\Black_Hole_Information\paradox\index.html","","publicar/01_TAMESIS_CORE/02_Experimental_Validation/Black_Hole_Information/paradox/index.html"
"to_publish","html_existing","The Vacuum Catastrophe Solved: Holographic Dark Energy from Horizon Entropy | TAMESIS Framework","01_TAMESIS_CORE\02_Experimental_Validation\Cosmology\lambda\index.html","","publicar/01_TAMESIS_CORE/02_Experimental_Validation/Cosmology/lambda/index.html"
"to_publish","html_existing","CMB B-modes: The Smoking Gun Test","01_TAMESIS_CORE\02_Experimental_Validation\Cosmology\paper_cmb_bmodes\index.html","","publicar/01_TAMESIS_CORE/02_Experimental_Validation/Cosmology/paper_cmb_bmodes/index.html"
"to_publish","html_existing","Cosmological Constant: The 10¹²⁰ Problem Dissolved","01_TAMESIS_CORE\02_Experimental_Validation\Cosmology\paper_cosmological_constant\index.html","","publicar/01_TAMESIS_CORE/02_Experimental_Validation/Cosmology/paper_cosmological_constant/index.html"
"to_publish","html_existing","Cosmological Voids: Giant Structures Challenge ΛCDM","01_TAMESIS_CORE\02_Experimental_Validation\Cosmology\paper_cosmological_voids\index.html","","publicar/01_TAMESIS_CORE/02_Experimental_Validation/Cosmology/paper_cosmological_voids/index.html"
"to_publish","html_existing","Gravitational Waves and Entropic Gravity","01_TAMESIS_CORE\02_Experimental_Validation\Cosmology\paper_gravitational_waves\index.html","","publicar/01_TAMESIS_CORE/02_Experimental_Validation/Cosmology/paper_gravitational_waves/index.html"
"to_publish","html_existing","Resolving the Hubble Tension with Entropic Gravity","01_TAMESIS_CORE\02_Experimental_Validation\Cosmology\paper_hubble_tension\index.html","","publicar/01_TAMESIS_CORE/02_Experimental_Validation/Cosmology/paper_hubble_tension/index.html"
"to_publish","html_existing","Inflation Without Inflaton: BH Interior as Natural Inflation","01_TAMESIS_CORE\02_Experimental_Validation\Cosmology\paper_inflation\index.html","","publicar/01_TAMESIS_CORE/02_Experimental_Validation/Cosmology/paper_inflation/index.html"
"to_publish","html_existing","JWST Early Galaxies: ΛCDM Failure, TAMESIS Success","01_TAMESIS_CORE\02_Experimental_Validation\Cosmology\paper_jwst_galaxies\index.html","","publicar/01_TAMESIS_CORE/02_Experimental_Validation/Cosmology/paper_jwst_galaxies/index.html"
"to_publish","html_existing","External Field Effect Validation — Entropic Gravity Test","01_TAMESIS_CORE\02_Experimental_Validation\example.html","","publicar/01_TAMESIS_CORE/02_Experimental_Validation/example.html"
"to_publish","html_existing","External Field Effect Validation — Entropic Gravity Test","01_TAMESIS_CORE\02_Experimental_Validation\MOND_EFE\efe\index.html","","publicar/01_TAMESIS_CORE/02_Experimental_Validation/MOND_EFE/efe/index.html"
"to_publish","html_existing","MOND Detection in Wide Binary Stars — Entropic Gravity Test","01_TAMESIS_CORE\02_Experimental_Validation\MOND_EFE\lab_gravity\index.html","","publicar/01_TAMESIS_CORE/02_Experimental_Validation/MOND_EFE/lab_gravity/index.html"
"to_publish","html_existing","Galaxy Cluster Lensing Without Dark Matter","01_TAMESIS_CORE\02_Experimental_Validation\MOND_EFE\paper_cluster_lensing\index.html","","publicar/01_TAMESIS_CORE/02_Experimental_Validation/MOND_EFE/paper_cluster_lensing/index.html"
"to_publish","html_existing","Galactic Rotation Curves Without Dark Matter: Definitive Validation of Entropic Gravity","01_TAMESIS_CORE\02_Experimental_Validation\MOND_EFE\paper_validacao_galactica\index.html","","publicar/01_TAMESIS_CORE/02_Experimental_Validation/MOND_EFE/paper_validacao_galactica/index.html"
"to_publish","html_existing","Electroweak Unification via Geometric Torsion: The 3/13 Mix | TAMESIS Framework","01_TAMESIS_CORE\02_Experimental_Validation\Particle_Physics\electroweak\index.html","","publicar/01_TAMESIS_CORE/02_Experimental_Validation/Particle_Physics/electroweak/index.html"
"to_publish","html_existing","Neutrino Mass from Topological Defects: The Genus-Mass Relation | TAMESIS Framework","01_TAMESIS_CORE\02_Experimental_Validation\Particle_Physics\neutrinos\index.html","","publicar/01_TAMESIS_CORE/02_Experimental_Validation/Particle_Physics/neutrinos/index.html"
"to_publish","html_existing","CP Violation: Chirality from the Parent Universe","01_TAMESIS_CORE\02_Experimental_Validation\Particle_Physics\paper_cp_violation\index.html","","publicar/01_TAMESIS_CORE/02_Experimental_Validation/Particle_Physics/paper_cp_violation/index.html"
"to_publish","html_existing","Dark Matter Candidates in TAMESIS","01_TAMESIS_CORE\02_Experimental_Validation\Particle_Physics\paper_dark_candidates\index.html","","publicar/01_TAMESIS_CORE/02_Experimental_Validation/Particle_Physics/paper_dark_candidates/index.html"
"to_publish","html_existing","Flavor Anomalies from Topology","01_TAMESIS_CORE\02_Experimental_Validation\Particle_Physics\paper_flavor_anomalies\index.html","","publicar/01_TAMESIS_CORE/02_Experimental_Validation/Particle_Physics/paper_flavor_anomalies/index.html"
"to_publish","html_existing","Heavy Quark Topology: Mass from Knot Complexity","01_TAMESIS_CORE\02_Experimental_Validation\Particle_Physics\paper_heavy_quarks\index.html","","publicar/01_TAMESIS_CORE/02_Experimental_Validation/Particle_Physics/paper_heavy_quarks/index.html"
"to_publish","html_existing","The Higgs as Holographic Medium","01_TAMESIS_CORE\02_Experimental_Validation\Particle_Physics\paper_higgs_topology\index.html","","publicar/01_TAMESIS_CORE/02_Experimental_Validation/Particle_Physics/paper_higgs_topology/index.html"
"to_publish","html_existing","Neutrino Oscillations: Unknots and Flavor Mixing","01_TAMESIS_CORE\02_Experimental_Validation\Particle_Physics\paper_neutrino_oscillations\index.html","","publicar/01_TAMESIS_CORE/02_Experimental_Validation/Particle_Physics/paper_neutrino_oscillations/index.html"
"to_publish","html_existing","Neutrino Mass from Topological Constraints: The Unknot Hypothesis","01_TAMESIS_CORE\02_Experimental_Validation\Particle_Physics\paper_neutrinos\index.html","","publicar/01_TAMESIS_CORE/02_Experimental_Validation/Particle_Physics/paper_neutrinos/index.html"
"to_publish","html_existing","Strong CP Problem: θ = 0 Topologically","01_TAMESIS_CORE\02_Experimental_Validation\Particle_Physics\paper_strong_cp\index.html","","publicar/01_TAMESIS_CORE/02_Experimental_Validation/Particle_Physics/paper_strong_cp/index.html"
"to_publish","html_existing","Is Supersymmetry Required?","01_TAMESIS_CORE\02_Experimental_Validation\Particle_Physics\paper_susy\index.html","","publicar/01_TAMESIS_CORE/02_Experimental_Validation/Particle_Physics/paper_susy/index.html"
"to_publish","html_existing","Topological Mass Generation: Quark Hierarchies from Prime Knot Energies | TAMESIS Framework","01_TAMESIS_CORE\02_Experimental_Validation\Particle_Physics\quarks\index.html","","publicar/01_TAMESIS_CORE/02_Experimental_Validation/Particle_Physics/quarks/index.html"
"to_publish","html_existing","The Quantum-to-Classical Transition: Determining the Critical Mass Mc | TAMESIS Framework","01_TAMESIS_CORE\02_Experimental_Validation\Quantum_Classical_Transition\collapse_dynamics\index.html","","publicar/01_TAMESIS_CORE/02_Experimental_Validation/Quantum_Classical_Transition/collapse_dynamics/index.html"
"to_publish","html_existing","Universal Critical Mass for Quantum Collapse ($M_c$)","01_TAMESIS_CORE\02_Experimental_Validation\Quantum_Classical_Transition\massa_critica\hipotese_colapso_quantico\index.html","","publicar/01_TAMESIS_CORE/02_Experimental_Validation/Quantum_Classical_Transition/massa_critica/hipotese_colapso_quantico/index.html"
"to_publish","html_existing","Universal Critical Mass for Quantum Collapse (Mc) — Calibrated Model","01_TAMESIS_CORE\02_Experimental_Validation\Quantum_Classical_Transition\massa_critica\index.html","","publicar/01_TAMESIS_CORE/02_Experimental_Validation/Quantum_Classical_Transition/massa_critica/index.html"
"to_publish","html_existing","The Measurement Problem: Collapse Is Emergent","01_TAMESIS_CORE\02_Experimental_Validation\Quantum_Classical_Transition\paper_measurement_problem\index.html","","publicar/01_TAMESIS_CORE/02_Experimental_Validation/Quantum_Classical_Transition/paper_measurement_problem/index.html"
"to_publish","markdown_converted","Tamesis Mc v1.0: uma hip&#243;tese audit&#225;vel de tran...","01_TAMESIS_CORE\02_Experimental_Validation\Quantum_Classical_Transition\tamesis_mc_v1\reports\TAMESIS_MC_V1_PAPER.html","01_TAMESIS_CORE\02_Experimental_Validation\Quantum_Classical_Transition\tamesis_mc_v1\reports\TAMESIS_MC_V1_PAPER.md","publicar/01_TAMESIS_CORE/02_Experimental_Validation/Quantum_Classical_Transition/tamesis_mc_v1/reports/TAMESIS_MC_V1_PAPER.html"
"to_publish","html_existing","Spectral Geometry — Riemann Hypothesis Proof","01_TAMESIS_CORE\02_Experimental_Validation\riemann\index.html","","publicar/01_TAMESIS_CORE/02_Experimental_Validation/riemann/index.html"
"to_publish","html_existing","The Tamesis Theory: Topological Axiomatic Model of Emergent Spacetime Information Systems | Final Synthesis","01_TAMESIS_CORE\02_Experimental_Validation\tamesis\index.html","","publicar/01_TAMESIS_CORE/02_Experimental_Validation/tamesis/index.html"
"to_publish","html_existing","Topological Emergence: Deriving Gauge Symmetries from 8D Phase Space","01_TAMESIS_CORE\03_Axiomatic_Closure\01_Gauge_Derivation\index.html","","publicar/01_TAMESIS_CORE/03_Axiomatic_Closure/01_Gauge_Derivation/index.html"
"to_publish","html_existing","Holographic Uniqueness: Deriving the MOND Interpolation Function","01_TAMESIS_CORE\03_Axiomatic_Closure\02_Holographic_Uniqueness\index.html","","publicar/01_TAMESIS_CORE/03_Axiomatic_Closure/02_Holographic_Uniqueness/index.html"
"to_publish","html_existing","The Tamesis Spectral Operator: Unified Dynamics from Topological Noise","01_TAMESIS_CORE\03_Axiomatic_Closure\02_Spectral_Operator\index.html","","publicar/01_TAMESIS_CORE/03_Axiomatic_Closure/02_Spectral_Operator/index.html"
"to_publish","html_existing","The Death Conditions: How to Kill Tamesis","01_TAMESIS_CORE\03_Axiomatic_Closure\05_Falsification_Criteria\index.html","","publicar/01_TAMESIS_CORE/03_Axiomatic_Closure/05_Falsification_Criteria/index.html"
"to_publish","html_existing","Absolute Inevitability: Final Axiomatic Reduction of the Tamesis Action","01_TAMESIS_CORE\03_Axiomatic_Closure\Axiom_Reduction\index.html","","publicar/01_TAMESIS_CORE/03_Axiomatic_Closure/Axiom_Reduction/index.html"
"to_publish","html_existing","Discontinuous Interference Transition: The Signature of Topological Collapse","01_TAMESIS_CORE\03_Axiomatic_Closure\Killer_Prediction\index.html","","publicar/01_TAMESIS_CORE/03_Axiomatic_Closure/Killer_Prediction/index.html"
"to_publish","html_existing","The Einstein Bridge: Operational Derivation of Field Equations","01_TAMESIS_CORE\03_Axiomatic_Closure\Operational_Derivation\01_Einstein_Bridge\index.html","","publicar/01_TAMESIS_CORE/03_Axiomatic_Closure/Operational_Derivation/01_Einstein_Bridge/index.html"
"to_publish","html_existing","The Yang-Mills Bridge: Gauge Dynamics from Phase Resistance","01_TAMESIS_CORE\03_Axiomatic_Closure\Operational_Derivation\02_Yang_Mills_Bridge\index.html","","publicar/01_TAMESIS_CORE/03_Axiomatic_Closure/Operational_Derivation/02_Yang_Mills_Bridge/index.html"
"to_publish","html_existing","The Bekenstein Bridge: MOND as a Holographic Noise Floor","01_TAMESIS_CORE\03_Axiomatic_Closure\Operational_Derivation\03_Holographic_Bridge\index.html","","publicar/01_TAMESIS_CORE/03_Axiomatic_Closure/Operational_Derivation/03_Holographic_Bridge/index.html"
"to_publish","html_existing","Stage 6: Operational Derivation Hub | Tamesis Theory","01_TAMESIS_CORE\03_Axiomatic_Closure\Operational_Derivation\index.html","","publicar/01_TAMESIS_CORE/03_Axiomatic_Closure/Operational_Derivation/index.html"
"to_publish","html_existing","Proposing Levitated Nanoparticle Interferometry","01_TAMESIS_CORE\03_Axiomatic_Closure\Tabletop_Experiment\index.html","","publicar/01_TAMESIS_CORE/03_Axiomatic_Closure/Tabletop_Experiment/index.html"
"to_publish","html_existing","The Tamesis Action: A Variational Principle for Unified Physics","01_TAMESIS_CORE\03_Axiomatic_Closure\Universe_Equation\01_Mc_Derivation\index.html","","publicar/01_TAMESIS_CORE/03_Axiomatic_Closure/Universe_Equation/01_Mc_Derivation/index.html"
"to_publish","html_existing","MOND Emergence from the Reactive Gravity Term","01_TAMESIS_CORE\03_Axiomatic_Closure\Universe_Equation\02_MOND_Emergence\index.html","","publicar/01_TAMESIS_CORE/03_Axiomatic_Closure/Universe_Equation/02_MOND_Emergence/index.html"
"to_publish","html_existing","Cosmological Constant from Horizon Entropy","01_TAMESIS_CORE\03_Axiomatic_Closure\Universe_Equation\03_Lambda_Derivation\index.html","","publicar/01_TAMESIS_CORE/03_Axiomatic_Closure/Universe_Equation/03_Lambda_Derivation/index.html"
"to_publish","html_existing","Quantum-Classical Transition Simulation","01_TAMESIS_CORE\03_Axiomatic_Closure\Universe_Equation\04_Transition_Sim\index.html","","publicar/01_TAMESIS_CORE/03_Axiomatic_Closure/Universe_Equation/04_Transition_Sim/index.html"
"to_publish","html_existing","Topological Origin of the Particle Spectrum","01_TAMESIS_CORE\03_Axiomatic_Closure\Universe_Equation\05_Particle_Spectrum\index.html","","publicar/01_TAMESIS_CORE/03_Axiomatic_Closure/Universe_Equation/05_Particle_Spectrum/index.html"
"to_publish","html_existing","The Tamesis Action: A Complete Unified Theory of Information, Geometry, and Matter","01_TAMESIS_CORE\03_Axiomatic_Closure\Universe_Equation\06_The_Tamesis_Action\index.html","","publicar/01_TAMESIS_CORE/03_Axiomatic_Closure/Universe_Equation/06_The_Tamesis_Action/index.html"
"to_publish","html_existing","Berry-Keating Operator Definition | Tamesis Theory","01_TAMESIS_CORE\04_Spectral_Mathematics\Berry_Keating_Operator\01_Operator_Definition\index.html","","publicar/01_TAMESIS_CORE/04_Spectral_Mathematics/Berry_Keating_Operator/01_Operator_Definition/index.html"
"to_publish","html_existing","Spectral Analysis | Tamesis Theory","01_TAMESIS_CORE\04_Spectral_Mathematics\Berry_Keating_Operator\02_Spectral_Analysis\index.html","","publicar/01_TAMESIS_CORE/04_Spectral_Mathematics/Berry_Keating_Operator/02_Spectral_Analysis/index.html"
"to_publish","html_existing","Zeta Connection | Tamesis Theory","01_TAMESIS_CORE\04_Spectral_Mathematics\Berry_Keating_Operator\03_Zeta_Connection\index.html","","publicar/01_TAMESIS_CORE/04_Spectral_Mathematics/Berry_Keating_Operator/03_Zeta_Connection/index.html"
"to_publish","html_existing","Honest Assessment | Tamesis Theory","01_TAMESIS_CORE\04_Spectral_Mathematics\Berry_Keating_Operator\04_Honest_Assessment\index.html","","publicar/01_TAMESIS_CORE/04_Spectral_Mathematics/Berry_Keating_Operator/04_Honest_Assessment/index.html"
"to_publish","html_existing","Self-Adjoint Extensions | Tamesis Theory","01_TAMESIS_CORE\04_Spectral_Mathematics\Berry_Keating_Operator\05_Self_Adjoint_Extensions\index.html","","publicar/01_TAMESIS_CORE/04_Spectral_Mathematics/Berry_Keating_Operator/05_Self_Adjoint_Extensions/index.html"
"to_publish","html_existing","Stage 7: Rigorous Mathematics | Tamesis Theory","01_TAMESIS_CORE\04_Spectral_Mathematics\Berry_Keating_Operator\index.html","","publicar/01_TAMESIS_CORE/04_Spectral_Mathematics/Berry_Keating_Operator/index.html"
"to_publish","html_existing","Stage 8: Modified Operators | Tamesis Theory","01_TAMESIS_CORE\04_Spectral_Mathematics\Berry_Keating_Operator\Modified_Operators\index.html","","publicar/01_TAMESIS_CORE/04_Spectral_Mathematics/Berry_Keating_Operator/Modified_Operators/index.html"
"to_publish","html_existing","Stage 20: Final Paper | Tamesis Theory","01_TAMESIS_CORE\04_Spectral_Mathematics\Final_RH_Paper\index.html","","publicar/01_TAMESIS_CORE/04_Spectral_Mathematics/Final_RH_Paper/index.html"
"to_publish","markdown_converted","The Cusp Scattering Phase of the Modular Surface and the ...","01_TAMESIS_CORE\04_Spectral_Mathematics\Final_RH_Paper\paper.html","01_TAMESIS_CORE\04_Spectral_Mathematics\Final_RH_Paper\paper.md","publicar/01_TAMESIS_CORE/04_Spectral_Mathematics/Final_RH_Paper/paper.html"
"to_publish","html_existing","From No-Go to Geometry: Why Riemann Zeros Require Hyperbolic Structure","01_TAMESIS_CORE\04_Spectral_Mathematics\Hyperbolic_Geometry\Connection\geometry_bridge.html","","publicar/01_TAMESIS_CORE/04_Spectral_Mathematics/Hyperbolic_Geometry/Connection/geometry_bridge.html"
"to_publish","html_existing","Stage 9: The Forced Geometry Theorem | Tamesis Theory","01_TAMESIS_CORE\04_Spectral_Mathematics\Hyperbolic_Geometry\Connection\index.html","","publicar/01_TAMESIS_CORE/04_Spectral_Mathematics/Hyperbolic_Geometry/Connection/index.html"
"to_publish","html_existing","Stage 11: Hyperbolic Laplacian | Tamesis Theory","01_TAMESIS_CORE\04_Spectral_Mathematics\Hyperbolic_Geometry\Laplacian\index.html","","publicar/01_TAMESIS_CORE/04_Spectral_Mathematics/Hyperbolic_Geometry/Laplacian/index.html"
"to_publish","html_existing","Stage 10: Hyperbolic Space | Tamesis Theory","01_TAMESIS_CORE\04_Spectral_Mathematics\Hyperbolic_Geometry\Space\index.html","","publicar/01_TAMESIS_CORE/04_Spectral_Mathematics/Hyperbolic_Geometry/Space/index.html"
"to_publish","html_existing","On the Impossibility of Local Discretizations for Hilbert-Pólya Operators","01_TAMESIS_CORE\04_Spectral_Mathematics\no_go_theorem.html","","publicar/01_TAMESIS_CORE/04_Spectral_Mathematics/no_go_theorem.html"
"to_publish","html_existing","Stage 16: Layer 2 - Conceptual Architecture | Tamesis Theory","01_TAMESIS_CORE\04_Spectral_Mathematics\RH_Operator\Architecture\index.html","","publicar/01_TAMESIS_CORE/04_Spectral_Mathematics/RH_Operator/Architecture/index.html"
"to_publish","html_existing","Stage 17: Decomposition of arg(phi) | Tamesis Theory","01_TAMESIS_CORE\04_Spectral_Mathematics\RH_Operator\Arg_Phi\index.html","","publicar/01_TAMESIS_CORE/04_Spectral_Mathematics/RH_Operator/Arg_Phi/index.html"
"to_publish","html_existing","Stage 18: Publishable Lemma | Tamesis Theory","01_TAMESIS_CORE\04_Spectral_Mathematics\RH_Operator\Lemma\index.html","","publicar/01_TAMESIS_CORE/04_Spectral_Mathematics/RH_Operator/Lemma/index.html"
"to_publish","html_existing","Stage 13: The RH Operator | Tamesis Theory","01_TAMESIS_CORE\04_Spectral_Mathematics\RH_Operator\Main\index.html","","publicar/01_TAMESIS_CORE/04_Spectral_Mathematics/RH_Operator/Main/index.html"
"to_publish","html_existing","Stage 14: The Geometry of ToE | Tamesis Theory","01_TAMESIS_CORE\04_Spectral_Mathematics\RH_Operator\Physics\index.html","","publicar/01_TAMESIS_CORE/04_Spectral_Mathematics/RH_Operator/Physics/index.html"
"to_publish","html_existing","Stage 15: Layer 1 - The Cusp Contribution | Tamesis Theory","01_TAMESIS_CORE\04_Spectral_Mathematics\Selberg_Connes\Cusp\index.html","","publicar/01_TAMESIS_CORE/04_Spectral_Mathematics/Selberg_Connes/Cusp/index.html"
"to_publish","html_existing","Stage 12: The Selberg-Connes Bridge | Tamesis Theory","01_TAMESIS_CORE\04_Spectral_Mathematics\Selberg_Connes\Main\index.html","","publicar/01_TAMESIS_CORE/04_Spectral_Mathematics/Selberg_Connes/Main/index.html"
"to_publish","html_existing","Stage 19: Selberg-Weil Interface | Tamesis Theory","01_TAMESIS_CORE\04_Spectral_Mathematics\Selberg_Connes\Weil_Interface\index.html","","publicar/01_TAMESIS_CORE/04_Spectral_Mathematics/Selberg_Connes/Weil_Interface/index.html"
"to_publish","html_existing","Complexity as Prime Count: The Kolmogorov Structure of States","01_TAMESIS_CORE\05_Computational_Extensions\Computational_Primes\Complexity\index.html","","publicar/01_TAMESIS_CORE/05_Computational_Extensions/Computational_Primes/Complexity/index.html"
"to_publish","html_existing","The Euclidean Spectral Operator: Wick Rotating the Riemann Zeta","01_TAMESIS_CORE\05_Computational_Extensions\Computational_Primes\Euclidean\index.html","","publicar/01_TAMESIS_CORE/05_Computational_Extensions/Computational_Primes/Euclidean/index.html"
"to_publish","html_existing","Computational Test of Levinson's Theorem on Graphs","01_TAMESIS_CORE\05_Computational_Extensions\Computational_Primes\Levinson\index.html","","publicar/01_TAMESIS_CORE/05_Computational_Extensions/Computational_Primes/Levinson/index.html"
"to_publish","html_existing","Computational Verification of the Generalized Prime Constant","01_TAMESIS_CORE\05_Computational_Extensions\Computational_Primes\Main\index.html","","publicar/01_TAMESIS_CORE/05_Computational_Extensions/Computational_Primes/Main/index.html"
"to_publish","html_existing","Stage 21: The Connes Dilation Operator | ToE","01_TAMESIS_CORE\05_Computational_Extensions\Connes_Dilation\index.html","","publicar/01_TAMESIS_CORE/05_Computational_Extensions/Connes_Dilation/index.html"
"to_publish","html_existing","Chaotic Flow and the Distribution of Geodesic Primes","01_TAMESIS_CORE\05_Computational_Extensions\Graph_Zeta\Chaotic\index.html","","publicar/01_TAMESIS_CORE/05_Computational_Extensions/Graph_Zeta/Chaotic/index.html"
"to_publish","html_existing","Graph Zeta Functions: Discretizing the Riemann Hypothesis","01_TAMESIS_CORE\05_Computational_Extensions\Graph_Zeta\Primes\index.html","","publicar/01_TAMESIS_CORE/05_Computational_Extensions/Graph_Zeta/Primes/index.html"
"to_publish","html_existing","Stage 27: RH as Spectral Property - Final","01_TAMESIS_CORE\05_Computational_Extensions\RH_Spectral_Property\index.html","","publicar/01_TAMESIS_CORE/05_Computational_Extensions/RH_Spectral_Property/index.html"
"to_publish","html_existing","Stage 26: The Complete Spectral Identity","01_TAMESIS_CORE\05_Computational_Extensions\Spectral_Reconstruction\Identity\index.html","","publicar/01_TAMESIS_CORE/05_Computational_Extensions/Spectral_Reconstruction/Identity/index.html"
"to_publish","html_existing","Stage 22: Spectral Reconstruction | Circuit Closed","01_TAMESIS_CORE\05_Computational_Extensions\Spectral_Reconstruction\Main\index.html","","publicar/01_TAMESIS_CORE/05_Computational_Extensions/Spectral_Reconstruction/Main/index.html"
"to_publish","html_existing","Stage 25: Primes as Periodic Orbits","01_TAMESIS_CORE\05_Computational_Extensions\Spectral_Reconstruction\Prime\index.html","","publicar/01_TAMESIS_CORE/05_Computational_Extensions/Spectral_Reconstruction/Prime/index.html"
"to_publish","html_existing","Stage 24: Theta' as Smooth Trace","01_TAMESIS_CORE\05_Computational_Extensions\Spectral_Reconstruction\Theta\index.html","","publicar/01_TAMESIS_CORE/05_Computational_Extensions/Spectral_Reconstruction/Theta/index.html"
"to_publish","html_existing","Stage 23: Trace Regularization","01_TAMESIS_CORE\05_Computational_Extensions\Spectral_Reconstruction\Trace\index.html","","publicar/01_TAMESIS_CORE/05_Computational_Extensions/Spectral_Reconstruction/Trace/index.html"
"to_publish","html_existing","The Tamesis System: Final Report and Closure","01_TAMESIS_CORE\06_Universality_Discovery\Closure_Paper\index.html","","publicar/01_TAMESIS_CORE/06_Universality_Discovery/Closure_Paper/index.html"
"to_publish","html_existing","Universality Classes Are Mechanism-Driven: An Atlas of Critical Exponents","01_TAMESIS_CORE\06_Universality_Discovery\Closure_Paper\paper.html","","publicar/01_TAMESIS_CORE/06_Universality_Discovery/Closure_Paper/paper.html"
"to_publish","html_existing","Applications of Tamesis Theory: Topological Encryption and Computing","01_TAMESIS_CORE\06_Universality_Discovery\Regime_Transitions\Applications\index.html","","publicar/01_TAMESIS_CORE/06_Universality_Discovery/Regime_Transitions/Applications/index.html"
"to_publish","html_existing","Experimental Probes of the U(1/2) Universality Class","01_TAMESIS_CORE\06_Universality_Discovery\Regime_Transitions\Physical_Tests\index.html","","publicar/01_TAMESIS_CORE/06_Universality_Discovery/Regime_Transitions/Physical_Tests/index.html"
"to_publish","html_existing","Stage 36: Theory of Regime Transitions","01_TAMESIS_CORE\06_Universality_Discovery\Regime_Transitions\Theory\index.html","","publicar/01_TAMESIS_CORE/06_Universality_Discovery/Regime_Transitions/Theory/index.html"
"to_publish","html_existing","Stage 35: Unified Constants Derivation - REFUTATION","01_TAMESIS_CORE\06_Universality_Discovery\ToE_Refutation\index.html","","publicar/01_TAMESIS_CORE/06_Universality_Discovery/ToE_Refutation/index.html"
"to_publish","html_existing","Spectral Reconstruction of Spacetime: Algorithm and Computation","01_TAMESIS_CORE\06_Universality_Discovery\U12_Discovery\index.html","","publicar/01_TAMESIS_CORE/06_Universality_Discovery/U12_Discovery/index.html"
"to_publish","html_existing","Stage 41: Universality Atlas","01_TAMESIS_CORE\06_Universality_Discovery\Universality_Atlas\index.html","","publicar/01_TAMESIS_CORE/06_Universality_Discovery/Universality_Atlas/index.html"
"to_publish","html_existing","The Threshold Class U(0): The Onset of Classicality","01_TAMESIS_CORE\06_Universality_Discovery\Universality_Classes\U0_Threshold\index.html","","publicar/01_TAMESIS_CORE/06_Universality_Discovery/Universality_Classes/U0_Threshold/index.html"
"to_publish","html_existing","The Lindblad Class U(2): Dissipative Quantum Dynamics","01_TAMESIS_CORE\06_Universality_Discovery\Universality_Classes\U2_Lindblad\index.html","","publicar/01_TAMESIS_CORE/06_Universality_Discovery/Universality_Classes/U2_Lindblad/index.html"
"to_publish","html_existing","O que é um cérebro-computador","01_TAMESIS_CORE\07_Speculative_Papers\Cognitive_Ecosystems\01_CEREBRO_COMPUTADOR\article.html","","publicar/01_TAMESIS_CORE/07_Speculative_Papers/Cognitive_Ecosystems/01_CEREBRO_COMPUTADOR/article.html"
"to_publish","html_existing","O corpo como ecossistema integrado","01_TAMESIS_CORE\07_Speculative_Papers\Cognitive_Ecosystems\02_CORPO_ECOSSISTEMA\article.html","","publicar/01_TAMESIS_CORE/07_Speculative_Papers/Cognitive_Ecosystems/02_CORPO_ECOSSISTEMA/article.html"
"to_publish","html_existing","Complexidade e economia energética","01_TAMESIS_CORE\07_Speculative_Papers\Cognitive_Ecosystems\03_COMPLEXIDADE_ECONOMIA\article.html","","publicar/01_TAMESIS_CORE/07_Speculative_Papers/Cognitive_Ecosystems/03_COMPLEXIDADE_ECONOMIA/article.html"
"to_publish","html_existing","Genoma, desenvolvimento e organismo","01_TAMESIS_CORE\07_Speculative_Papers\Cognitive_Ecosystems\04_GENOMA_DESENVOLVIMENTO\article.html","","publicar/01_TAMESIS_CORE/07_Speculative_Papers/Cognitive_Ecosystems/04_GENOMA_DESENVOLVIMENTO/article.html"
"to_publish","html_existing","Consciência como resposta multidimensional","01_TAMESIS_CORE\07_Speculative_Papers\Cognitive_Ecosystems\05_CONSCIENCIA_MULTIDIMENSIONAL\article.html","","publicar/01_TAMESIS_CORE/07_Speculative_Papers/Cognitive_Ecosystems/05_CONSCIENCIA_MULTIDIMENSIONAL/article.html"
"to_publish","html_existing","Holografia, universo computacional e simulação","01_TAMESIS_CORE\07_Speculative_Papers\Cognitive_Ecosystems\06_HOLOGRAFIA_UNIVERSO\article.html","","publicar/01_TAMESIS_CORE/07_Speculative_Papers/Cognitive_Ecosystems/06_HOLOGRAFIA_UNIVERSO/article.html"
"to_publish","html_existing","Programa empírico e critérios de refutação","01_TAMESIS_CORE\07_Speculative_Papers\Cognitive_Ecosystems\07_PROGRAMA_EMPIRICO\article.html","","publicar/01_TAMESIS_CORE/07_Speculative_Papers/Cognitive_Ecosystems/07_PROGRAMA_EMPIRICO/article.html"
"to_publish","html_existing","Programa de Ecossistemas Cognitivos","01_TAMESIS_CORE\07_Speculative_Papers\Cognitive_Ecosystems\index.html","","publicar/01_TAMESIS_CORE/07_Speculative_Papers/Cognitive_Ecosystems/index.html"
"to_publish","html_existing","Consciousness as Collapse Mechanism: Integrated Information Theory in Holographic Cosmology","01_TAMESIS_CORE\07_Speculative_Papers\Consciousness\paper_consciencia\index.html","","publicar/01_TAMESIS_CORE/07_Speculative_Papers/Consciousness/paper_consciencia/index.html"
"to_publish","html_existing","Eschatology: Hawking Evaporation as the Origin of Dark Energy","01_TAMESIS_CORE\07_Speculative_Papers\Eschatology\paper_escatologia\index.html","","publicar/01_TAMESIS_CORE/07_Speculative_Papers/Eschatology/paper_escatologia/index.html"
"to_publish","html_existing","Metric Engineering: Inertia Reduction via Local Gamma Modification","01_TAMESIS_CORE\07_Speculative_Papers\Metric_Engineering\paper_engenharia_metrica\index.html","","publicar/01_TAMESIS_CORE/07_Speculative_Papers/Metric_Engineering/paper_engenharia_metrica/index.html"
"to_publish","html_existing","The Topological Multiverse: Black Holes as Universe Generators","01_TAMESIS_CORE\07_Speculative_Papers\Parent_Universe\paper_multiverse\index.html","","publicar/01_TAMESIS_CORE/07_Speculative_Papers/Parent_Universe/paper_multiverse/index.html"
"to_publish","html_existing","The Parent Universe: CMB Anisotropy from Rotating Black Hole Cosmology","01_TAMESIS_CORE\07_Speculative_Papers\Parent_Universe\paper_universo_pai\index.html","","publicar/01_TAMESIS_CORE/07_Speculative_Papers/Parent_Universe/paper_universo_pai/index.html"
"to_publish","html_existing","No-Scale Theorem for Quantum Superposition","01_TAMESIS_CORE\08_AHolographicBoundonMacroscopicQuantumSuperpositions\paper.html","","publicar/01_TAMESIS_CORE/08_AHolographicBoundonMacroscopicQuantumSuperpositions/paper.html"
"to_publish","html_existing","A Holographic Bound on Macroscopic Quantum Superpositions","01_TAMESIS_CORE\08_AHolographicBoundonMacroscopicQuantumSuperpositions\prl_submission.html","","publicar/01_TAMESIS_CORE/08_AHolographicBoundonMacroscopicQuantumSuperpositions/prl_submission.html"
"to_publish","html_existing","Defining the Transition Operator: The Quantum Field of Regime Change","90_LEGACY\02_FOUNDATIONAL_LIBRARIES\TDTR\53_Transition_Definition\index.html","","publicar/90_LEGACY/02_FOUNDATIONAL_LIBRARIES/TDTR/53_Transition_Definition/index.html"
"to_publish","html_existing","The Geometry of Transition Space","90_LEGACY\02_FOUNDATIONAL_LIBRARIES\TDTR\54_Transition_Space\index.html","","publicar/90_LEGACY/02_FOUNDATIONAL_LIBRARIES/TDTR/54_Transition_Space/index.html"
"to_publish","html_existing","Selection Rules for Allowed Transitions","90_LEGACY\02_FOUNDATIONAL_LIBRARIES\TDTR\55_Allowed_Transitions\index.html","","publicar/90_LEGACY/02_FOUNDATIONAL_LIBRARIES/TDTR/55_Allowed_Transitions/index.html"
"to_publish","html_existing","Fundamental Directionality: Why Nature Has No Reverse Gear","90_LEGACY\02_FOUNDATIONAL_LIBRARIES\TDTR\56_Fundamental_Directionality\index.html","","publicar/90_LEGACY/02_FOUNDATIONAL_LIBRARIES/TDTR/56_Fundamental_Directionality/index.html"
"to_publish","html_existing","Interface Survival: Stability Conditions for Regime Boundaries","90_LEGACY\02_FOUNDATIONAL_LIBRARIES\TDTR\57_Interface_Survival\index.html","","publicar/90_LEGACY/02_FOUNDATIONAL_LIBRARIES/TDTR/57_Interface_Survival/index.html"
"to_publish","html_existing","Information Loss as a Constructive Principle","90_LEGACY\02_FOUNDATIONAL_LIBRARIES\TDTR\58_Information_Loss\index.html","","publicar/90_LEGACY/02_FOUNDATIONAL_LIBRARIES/TDTR/58_Information_Loss/index.html"
"to_publish","html_existing","Transition Monotones and the Lyapunov Function of the Cosmos","90_LEGACY\02_FOUNDATIONAL_LIBRARIES\TDTR\59_Transition_Monotones\index.html","","publicar/90_LEGACY/02_FOUNDATIONAL_LIBRARIES/TDTR/59_Transition_Monotones/index.html"
"to_publish","html_existing","Conservation Failures at Regime Interfaces","90_LEGACY\02_FOUNDATIONAL_LIBRARIES\TDTR\60_Conservation_Failures\index.html","","publicar/90_LEGACY/02_FOUNDATIONAL_LIBRARIES/TDTR/60_Conservation_Failures/index.html"
"to_publish","html_existing","Axiomatic Structure of Thermodynamic Time Reversal","90_LEGACY\02_FOUNDATIONAL_LIBRARIES\TDTR\61_TDTR_Axioms\index.html","","publicar/90_LEGACY/02_FOUNDATIONAL_LIBRARIES/TDTR/61_TDTR_Axioms/index.html"
"to_publish","html_existing","Dissipative Transitions: Friction in the Laws of Physics","90_LEGACY\02_FOUNDATIONAL_LIBRARIES\TDTR\62_Dissipative_Transitions\index.html","","publicar/90_LEGACY/02_FOUNDATIONAL_LIBRARIES/TDTR/62_Dissipative_Transitions/index.html"
"to_publish","html_existing","The Arrows of Time: A Unified Topological Origin","90_LEGACY\02_FOUNDATIONAL_LIBRARIES\TDTR\63_Arrows_of_Time\index.html","","publicar/90_LEGACY/02_FOUNDATIONAL_LIBRARIES/TDTR/63_Arrows_of_Time/index.html"
"to_publish","html_existing","Information Symmetry Breaking: The Origin of Structure","90_LEGACY\02_FOUNDATIONAL_LIBRARIES\TDTR\64_Information_Symmetry_Breaking\index.html","","publicar/90_LEGACY/02_FOUNDATIONAL_LIBRARIES/TDTR/64_Information_Symmetry_Breaking/index.html"
"to_publish","html_existing","Theorem: Non-Existence of Reversible Dimensional Transitions","90_LEGACY\02_FOUNDATIONAL_LIBRARIES\TDTR\65_No_Reversible_Transitions\index.html","","publicar/90_LEGACY/02_FOUNDATIONAL_LIBRARIES/TDTR/65_No_Reversible_Transitions/index.html"
"to_publish","html_existing","Classification of Transition Dynamics","90_LEGACY\02_FOUNDATIONAL_LIBRARIES\TDTR\66_Transition_Dynamics_Classes\index.html","","publicar/90_LEGACY/02_FOUNDATIONAL_LIBRARIES/TDTR/66_Transition_Dynamics_Classes/index.html"
"to_publish","html_existing","The Transition $E_{QG}$: From Quantum Fields to General Relativity","90_LEGACY\02_FOUNDATIONAL_LIBRARIES\TDTR\67_QFT_to_GR\index.html","","publicar/90_LEGACY/02_FOUNDATIONAL_LIBRARIES/TDTR/67_QFT_to_GR/index.html"
"to_publish","html_existing","An Atlas of Physical Transitions","90_LEGACY\02_FOUNDATIONAL_LIBRARIES\TDTR\72_Transition_Atlas\index.html","","publicar/90_LEGACY/02_FOUNDATIONAL_LIBRARIES/TDTR/72_Transition_Atlas/index.html"
"to_publish","html_existing","The Dynamics of Regime Transitions: Why Interfaces Are Fundamental","90_LEGACY\02_FOUNDATIONAL_LIBRARIES\TDTR\76_TDTR_Founding_Paper\tdtr_paper.html","","publicar/90_LEGACY/02_FOUNDATIONAL_LIBRARIES/TDTR/76_TDTR_Founding_Paper/tdtr_paper.html"
"to_publish","html_existing","The TDTR Simulation Program: Methodology and Scope","90_LEGACY\02_FOUNDATIONAL_LIBRARIES\TDTR\78_Program_Closure\index.html","","publicar/90_LEGACY/02_FOUNDATIONAL_LIBRARIES/TDTR/78_Program_Closure/index.html"
"to_publish","html_existing","Galactic Rotation Curves from Entropic Gravity Simulation","90_LEGACY\02_FOUNDATIONAL_LIBRARIES\TDTR\79_Entropic_Galaxy_Sim\index.html","","publicar/90_LEGACY/02_FOUNDATIONAL_LIBRARIES/TDTR/79_Entropic_Galaxy_Sim/index.html"
"to_publish","html_existing","Elastic Memory: The Hysteresis of Spacetime","90_LEGACY\02_FOUNDATIONAL_LIBRARIES\TDTR\80_Elastic_Memory_Transition\index.html","","publicar/90_LEGACY/02_FOUNDATIONAL_LIBRARIES/TDTR/80_Elastic_Memory_Transition/index.html"
"to_publish","html_existing","Validation of the TDTR Framework against Standard Benchmarks","90_LEGACY\02_FOUNDATIONAL_LIBRARIES\TDTR\81_Validation\index.html","","publicar/90_LEGACY/02_FOUNDATIONAL_LIBRARIES/TDTR/81_Validation/index.html"
"to_publish","html_existing","Emergent Newton: Deriving $F=ma$ from Entropic Maximization","90_LEGACY\02_FOUNDATIONAL_LIBRARIES\TDTR\82_Emergent_Newton\index.html","","publicar/90_LEGACY/02_FOUNDATIONAL_LIBRARIES/TDTR/82_Emergent_Newton/index.html"
"to_publish","html_existing","Emergent Cosmology: The Friedmann Equations as State of Equation","90_LEGACY\02_FOUNDATIONAL_LIBRARIES\TDTR\83_Emergent_Cosmology\index.html","","publicar/90_LEGACY/02_FOUNDATIONAL_LIBRARIES/TDTR/83_Emergent_Cosmology/index.html"
"to_publish","html_existing","Stress Testing the Theory: Edge Cases and Singularities","90_LEGACY\02_FOUNDATIONAL_LIBRARIES\TDTR\84_Stress_Testing\index.html","","publicar/90_LEGACY/02_FOUNDATIONAL_LIBRARIES/TDTR/84_Stress_Testing/index.html"
"to_publish","html_existing","Systematic Comparison: Tamesis vs. String Theory vs. LQG","90_LEGACY\02_FOUNDATIONAL_LIBRARIES\TDTR\85_Systematic_Comparison\index.html","","publicar/90_LEGACY/02_FOUNDATIONAL_LIBRARIES/TDTR/85_Systematic_Comparison/index.html"
"to_publish","html_existing","The Tamesis Theory Complete Research Archive: Index and Manifesto","90_LEGACY\02_FOUNDATIONAL_LIBRARIES\TDTR\86_Final_Archive\index.html","","publicar/90_LEGACY/02_FOUNDATIONAL_LIBRARIES/TDTR/86_Final_Archive/index.html"
"to_publish","html_existing","Thermodynamic Time Reversal: Physics as Transition Dynamics","90_LEGACY\02_FOUNDATIONAL_LIBRARIES\TDTR\paper.html","","publicar/90_LEGACY/02_FOUNDATIONAL_LIBRARIES/TDTR/paper.html"
"to_publish","html_existing","Stage 43: Formal Definition of Regime | TRI","90_LEGACY\02_FOUNDATIONAL_LIBRARIES\TRI\43_Regime_Definition\index.html","","publicar/90_LEGACY/02_FOUNDATIONAL_LIBRARIES/TRI/43_Regime_Definition/index.html"
"to_publish","html_existing","Stage 44: Regime Invariants and Universality Classes | TRI","90_LEGACY\02_FOUNDATIONAL_LIBRARIES\TRI\44_Regime_Invariants\index.html","","publicar/90_LEGACY/02_FOUNDATIONAL_LIBRARIES/TRI/44_Regime_Invariants/index.html"
"to_publish","html_existing","Stage 45: The Regime Map | TRI","90_LEGACY\02_FOUNDATIONAL_LIBRARIES\TRI\45_Regime_Map\index.html","","publicar/90_LEGACY/02_FOUNDATIONAL_LIBRARIES/TRI/45_Regime_Map/index.html"
"to_publish","html_existing","The Compatibility Criterion for Physical Regimes: A Topos-Theoretic Approach","90_LEGACY\02_FOUNDATIONAL_LIBRARIES\TRI\46_Compatibility_Criterion\index.html","","publicar/90_LEGACY/02_FOUNDATIONAL_LIBRARIES/TRI/46_Compatibility_Criterion/index.html"
"to_publish","html_existing","No-Go Theorems for Unified Field Theories: The Information Catastrophe","90_LEGACY\02_FOUNDATIONAL_LIBRARIES\TRI\47_NoGo_Theorems\index.html","","publicar/90_LEGACY/02_FOUNDATIONAL_LIBRARIES/TRI/47_NoGo_Theorems/index.html"
"to_publish","html_existing","Analytic Failure Models of String Theory and Loop Quantum Gravity","90_LEGACY\02_FOUNDATIONAL_LIBRARIES\TRI\48_ToE_Failure_Analysis\index.html","","publicar/90_LEGACY/02_FOUNDATIONAL_LIBRARIES/TRI/48_ToE_Failure_Analysis/index.html"
"to_publish","html_existing","Transition Theory: The Physics of Invariant Breaking","90_LEGACY\02_FOUNDATIONAL_LIBRARIES\TRI\49_Transition_Theory\index.html","","publicar/90_LEGACY/02_FOUNDATIONAL_LIBRARIES/TRI/49_Transition_Theory/index.html"
"to_publish","html_existing","Local Universality: Constants as Regime Invariants","90_LEGACY\02_FOUNDATIONAL_LIBRARIES\TRI\50_Local_Universality\index.html","","publicar/90_LEGACY/02_FOUNDATIONAL_LIBRARIES/TRI/50_Local_Universality/index.html"
"to_publish","html_existing","The Theory of Regime Incompatibility: Why No Theory of Everything Can Exist","90_LEGACY\02_FOUNDATIONAL_LIBRARIES\TRI\51_TRI_Founding_Paper\paper.html","","publicar/90_LEGACY/02_FOUNDATIONAL_LIBRARIES/TRI/51_TRI_Founding_Paper/paper.html"
"to_publish","html_existing","Theory of Regime Incompatibility: Closure and Open Problems","90_LEGACY\02_FOUNDATIONAL_LIBRARIES\TRI\52_Closure_Open_Problems\index.html","","publicar/90_LEGACY/02_FOUNDATIONAL_LIBRARIES/TRI/52_Closure_Open_Problems/index.html"
"to_publish","html_existing","Theory of Regime Incompatibility: The Impossibility of Unification","90_LEGACY\02_FOUNDATIONAL_LIBRARIES\TRI\paper.html","","publicar/90_LEGACY/02_FOUNDATIONAL_LIBRARIES/TRI/paper.html"
"to_publish","html_existing","The Theory of Structural Solvability: A Meta-Theoretical Classification of Decision Problems","90_LEGACY\03_THEORETICAL_FRAMEWORK\THEORY_STRUCTURAL_SOLVABILITY\paper.html","","publicar/90_LEGACY/03_THEORETICAL_FRAMEWORK/THEORY_STRUCTURAL_SOLVABILITY/paper.html"
"to_publish","markdown_converted","PAPER 1: ON THE STRUCTURAL SOLVABILITY OF MATHEMATICAL SY...","90_LEGACY\03_THEORETICAL_FRAMEWORK\THEORY_STRUCTURAL_SOLVABILITY\PAPER_01_STRUCTURAL_SOLVABILITY_FOUNDATIONS.html","90_LEGACY\03_THEORETICAL_FRAMEWORK\THEORY_STRUCTURAL_SOLVABILITY\PAPER_01_STRUCTURAL_SOLVABILITY_FOUNDATIONS.md","publicar/90_LEGACY/03_THEORETICAL_FRAMEWORK/THEORY_STRUCTURAL_SOLVABILITY/PAPER_01_STRUCTURAL_SOLVABILITY_FOUNDATIONS.html"
"to_publish","markdown_converted","PAPER 2: STRUCTURAL BARRIERS IN UNIVERSAL CLASSES","90_LEGACY\03_THEORETICAL_FRAMEWORK\THEORY_STRUCTURAL_SOLVABILITY\PAPER_02_STRUCTURAL_BARRIERS.html","90_LEGACY\03_THEORETICAL_FRAMEWORK\THEORY_STRUCTURAL_SOLVABILITY\PAPER_02_STRUCTURAL_BARRIERS.md","publicar/90_LEGACY/03_THEORETICAL_FRAMEWORK/THEORY_STRUCTURAL_SOLVABILITY/PAPER_02_STRUCTURAL_BARRIERS.html"
"to_publish","markdown_converted","PAPER 3: THERMODYNAMIC SELECTION IN MATHEMATICAL UNDECIDA...","90_LEGACY\03_THEORETICAL_FRAMEWORK\THEORY_STRUCTURAL_SOLVABILITY\PAPER_03_THERMODYNAMIC_SELECTION.html","90_LEGACY\03_THEORETICAL_FRAMEWORK\THEORY_STRUCTURAL_SOLVABILITY\PAPER_03_THERMODYNAMIC_SELECTION.md","publicar/90_LEGACY/03_THEORETICAL_FRAMEWORK/THEORY_STRUCTURAL_SOLVABILITY/PAPER_03_THERMODYNAMIC_SELECTION.html"
"to_publish","markdown_converted","PAPER C: COMPUTATIONAL CLASSIFICATION OF PROBLEM SPACES","90_LEGACY\03_THEORETICAL_FRAMEWORK\THEORY_STRUCTURAL_SOLVABILITY\PAPER_C_COMPUTATIONAL_CLASSIFICATION.html","90_LEGACY\03_THEORETICAL_FRAMEWORK\THEORY_STRUCTURAL_SOLVABILITY\PAPER_C_COMPUTATIONAL_CLASSIFICATION.md","publicar/90_LEGACY/03_THEORETICAL_FRAMEWORK/THEORY_STRUCTURAL_SOLVABILITY/PAPER_C_COMPUTATIONAL_CLASSIFICATION.html"
"to_publish","html_existing","The Principles of Thermodynamic Structuralism: The Realizability Constraint on Mathematical Existence","90_LEGACY\03_THEORETICAL_FRAMEWORK\THEORY_THERMODYNAMIC_STRUCTURALISM\paper.html","","publicar/90_LEGACY/03_THEORETICAL_FRAMEWORK/THEORY_THERMODYNAMIC_STRUCTURALISM/paper.html"
"to_publish","markdown_converted","DOCUMENT A: THEORY OF STRUCTURAL REALIZABILITY","90_LEGACY\03_THEORETICAL_FRAMEWORK\THEORY_THERMODYNAMIC_STRUCTURALISM\PAPER_A_THEORY_OF_REALIZABILITY.html","90_LEGACY\03_THEORETICAL_FRAMEWORK\THEORY_THERMODYNAMIC_STRUCTURALISM\PAPER_A_THEORY_OF_REALIZABILITY.md","publicar/90_LEGACY/03_THEORETICAL_FRAMEWORK/THEORY_THERMODYNAMIC_STRUCTURALISM/PAPER_A_THEORY_OF_REALIZABILITY.html"
"to_publish","markdown_converted","DOCUMENT B: THE REALITY FILTER","90_LEGACY\03_THEORETICAL_FRAMEWORK\THEORY_THERMODYNAMIC_STRUCTURALISM\PAPER_B_THE_REALITY_FILTER.html","90_LEGACY\03_THEORETICAL_FRAMEWORK\THEORY_THERMODYNAMIC_STRUCTURALISM\PAPER_B_THE_REALITY_FILTER.md","publicar/90_LEGACY/03_THEORETICAL_FRAMEWORK/THEORY_THERMODYNAMIC_STRUCTURALISM/PAPER_B_THE_REALITY_FILTER.html"
"to_publish","markdown_converted","DOCUMENT C: THE TSR TEST (OPERATIONAL METHODOLOGY)","90_LEGACY\03_THEORETICAL_FRAMEWORK\THEORY_THERMODYNAMIC_STRUCTURALISM\PAPER_C_THE_TSR_TEST.html","90_LEGACY\03_THEORETICAL_FRAMEWORK\THEORY_THERMODYNAMIC_STRUCTURALISM\PAPER_C_THE_TSR_TEST.md","publicar/90_LEGACY/03_THEORETICAL_FRAMEWORK/THEORY_THERMODYNAMIC_STRUCTURALISM/PAPER_C_THE_TSR_TEST.html"
"to_publish","html_existing","The Entropic Bounce: Resolving the Big Bang Singularity via Holographic Saturation","90_LEGACY\04_THE_DISCOVERY_TOE_KERNEL_V3\index.html","","publicar/90_LEGACY/04_THE_DISCOVERY_TOE_KERNEL_V3/index.html"
"to_publish","html_existing","Der Entropische Rückprall: Auflösung der Urknall-Singularität durch Holographische Sättigung","90_LEGACY\04_THE_DISCOVERY_TOE_KERNEL_V3\papers\index_de.html","","publicar/90_LEGACY/04_THE_DISCOVERY_TOE_KERNEL_V3/papers/index_de.html"
"to_publish","html_existing","El Rebote Entrópico: Resolviendo la Singularidad del Big Bang vía Saturación Holográfica","90_LEGACY\04_THE_DISCOVERY_TOE_KERNEL_V3\papers\index_es.html","","publicar/90_LEGACY/04_THE_DISCOVERY_TOE_KERNEL_V3/papers/index_es.html"
"to_publish","html_existing","Le Rebond Entropique : Résoudre la Singularité du Big Bang via la Saturation Holographique","90_LEGACY\04_THE_DISCOVERY_TOE_KERNEL_V3\papers\index_fr.html","","publicar/90_LEGACY/04_THE_DISCOVERY_TOE_KERNEL_V3/papers/index_fr.html"
"to_publish","html_existing","Il Rimbalzo Entropico: Risolvere la Singolarità del Big Bang tramite Saturazione Olografica","90_LEGACY\04_THE_DISCOVERY_TOE_KERNEL_V3\papers\index_it.html","","publicar/90_LEGACY/04_THE_DISCOVERY_TOE_KERNEL_V3/papers/index_it.html"
"to_publish","html_existing","エントロピーバウンス：ホログラフィック飽和によるビッグバン特異点の解消","90_LEGACY\04_THE_DISCOVERY_TOE_KERNEL_V3\papers\index_ja.html","","publicar/90_LEGACY/04_THE_DISCOVERY_TOE_KERNEL_V3/papers/index_ja.html"
"to_publish","html_existing","O Rebote Entrópico: Resolvendo a Singularidade do Big Bang via Saturação Holográfica","90_LEGACY\04_THE_DISCOVERY_TOE_KERNEL_V3\papers\index_pt.html","","publicar/90_LEGACY/04_THE_DISCOVERY_TOE_KERNEL_V3/papers/index_pt.html"
"to_publish","html_existing","Энтропийный Отскок: Решение Сингулярности Большого Взрыва через Голографическое Насыщение","90_LEGACY\04_THE_DISCOVERY_TOE_KERNEL_V3\papers\index_ru.html","","publicar/90_LEGACY/04_THE_DISCOVERY_TOE_KERNEL_V3/papers/index_ru.html"
"to_publish","html_existing","熵反弹：通过全息饱和解决大爆炸奇点","90_LEGACY\04_THE_DISCOVERY_TOE_KERNEL_V3\papers\index_zh.html","","publicar/90_LEGACY/04_THE_DISCOVERY_TOE_KERNEL_V3/papers/index_zh.html"
"to_publish","html_existing","Structural Selection in Mathematical Physics: The Thermodynamic Censor","90_LEGACY\05_TOE_SCTRUTURAL_SELECTION\paper.html","","publicar/90_LEGACY/05_TOE_SCTRUTURAL_SELECTION/paper.html"
"to_publish","html_existing","Theory of Regime Incompatibility: The Impossibility of Unification","90_LEGACY\06_TOE_ARCHITECTURE_OF_REALITY\01_Treatises\Treatise_01_Regime_Incompatibility.html","","publicar/90_LEGACY/06_TOE_ARCHITECTURE_OF_REALITY/01_Treatises/Treatise_01_Regime_Incompatibility.html"
"to_publish","html_existing","Thermodynamic Time Reversal: Physics as Transition Dynamics","90_LEGACY\06_TOE_ARCHITECTURE_OF_REALITY\01_Treatises\Treatise_02_Thermodynamic_Time_Reversal.html","","publicar/90_LEGACY/06_TOE_ARCHITECTURE_OF_REALITY/01_Treatises/Treatise_02_Thermodynamic_Time_Reversal.html"
"to_publish","html_existing","Path A: Precision Physics Results from First Principles","90_LEGACY\06_TOE_ARCHITECTURE_OF_REALITY\01_Treatises\Treatise_03_Precision_Physics.html","","publicar/90_LEGACY/06_TOE_ARCHITECTURE_OF_REALITY/01_Treatises/Treatise_03_Precision_Physics.html"
"to_publish","html_existing","Structural Selection in Mathematical Physics: The Thermodynamic Censor","90_LEGACY\06_TOE_ARCHITECTURE_OF_REALITY\01_Treatises\Treatise_04_Structural_Selection.html","","publicar/90_LEGACY/06_TOE_ARCHITECTURE_OF_REALITY/01_Treatises/Treatise_04_Structural_Selection.html"
"to_publish","html_existing","The Theory of Structural Solvability: A Meta-Theoretical Classification of Decision Problems","90_LEGACY\06_TOE_ARCHITECTURE_OF_REALITY\01_Treatises\Treatise_05_Structural_Solvability.html","","publicar/90_LEGACY/06_TOE_ARCHITECTURE_OF_REALITY/01_Treatises/Treatise_05_Structural_Solvability.html"
"to_publish","html_existing","The Principles of Thermodynamic Structuralism: The Realizability Constraint on Mathematical Existence","90_LEGACY\06_TOE_ARCHITECTURE_OF_REALITY\01_Treatises\Treatise_06_Thermodynamic_Structuralism.html","","publicar/90_LEGACY/06_TOE_ARCHITECTURE_OF_REALITY/01_Treatises/Treatise_06_Thermodynamic_Structuralism.html"
"to_publish","html_existing","The Computational Architecture of Reality: The Tamesis Kernel and the Emergence of Spacetime","90_LEGACY\06_TOE_ARCHITECTURE_OF_REALITY\01_Treatises\Treatise_07_Computational_Architecture.html","","publicar/90_LEGACY/06_TOE_ARCHITECTURE_OF_REALITY/01_Treatises/Treatise_07_Computational_Architecture.html"
"to_publish","html_existing","The Computational Architecture of Reality: The Tamesis Kernel and the Emergence of Spacetime","90_LEGACY\06_TOE_ARCHITECTURE_OF_REALITY\01_Treatises\Treatise_07_Computational_Architecture_v2.html","","publicar/90_LEGACY/06_TOE_ARCHITECTURE_OF_REALITY/01_Treatises/Treatise_07_Computational_Architecture_v2.html"
"to_publish","html_existing","The Computational Architecture of Reality: Complete Theory of Everything","90_LEGACY\06_TOE_ARCHITECTURE_OF_REALITY\01_Treatises\Treatise_07_Computational_Architecture_v3_COMPLETE.html","","publicar/90_LEGACY/06_TOE_ARCHITECTURE_OF_REALITY/01_Treatises/Treatise_07_Computational_Architecture_v3_COMPLETE.html"
"to_publish","html_existing","The Resolution of the P vs NP Problem: Algorithmic Entropy and Thermodynamic Censorship","90_LEGACY\06_TOE_ARCHITECTURE_OF_REALITY\01_Treatises\Treatise_08_P_vs_NP_Resolution.html","","publicar/90_LEGACY/06_TOE_ARCHITECTURE_OF_REALITY/01_Treatises/Treatise_08_P_vs_NP_Resolution.html"
"to_publish","html_existing","The Thermodynamic Proof of the Riemann Hypothesis: Spectral Stability at the Critical Instant","90_LEGACY\06_TOE_ARCHITECTURE_OF_REALITY\01_Treatises\Treatise_09_Riemann_Hypothesis_Proof.html","","publicar/90_LEGACY/06_TOE_ARCHITECTURE_OF_REALITY/01_Treatises/Treatise_09_Riemann_Hypothesis_Proof.html"
"to_publish","html_existing","Regularity of Navier-Stokes via Regime Incompatibility: Thermodynamic Censorship of Singularities","90_LEGACY\06_TOE_ARCHITECTURE_OF_REALITY\01_Treatises\Treatise_10_Navier_Stokes_Regularity.html","","publicar/90_LEGACY/06_TOE_ARCHITECTURE_OF_REALITY/01_Treatises/Treatise_10_Navier_Stokes_Regularity.html"
"to_publish","html_existing","Mass Gap and Coercivity in Yang-Mills Theory: The Structural Suppression of Gapless Phases","90_LEGACY\06_TOE_ARCHITECTURE_OF_REALITY\01_Treatises\Treatise_11_Yang_Mills_Mass_Gap.html","","publicar/90_LEGACY/06_TOE_ARCHITECTURE_OF_REALITY/01_Treatises/Treatise_11_Yang_Mills_Mass_Gap.html"
"to_publish","html_existing","The Topological Theory of Cognitive States: Spectral Signatures and Thermodynamic Limits","90_LEGACY\06_TOE_ARCHITECTURE_OF_REALITY\01_Treatises\Treatise_12_Cognitive_Physics.html","","publicar/90_LEGACY/06_TOE_ARCHITECTURE_OF_REALITY/01_Treatises/Treatise_12_Cognitive_Physics.html"
"to_publish","html_existing","Theory of Regime Incompatibility: The Impossibility of Unification","90_LEGACY\07_CANON\01_Treatises\Treatise_01_Regime_Incompatibility.html","","publicar/90_LEGACY/07_CANON/01_Treatises/Treatise_01_Regime_Incompatibility.html"
"to_publish","html_existing","Thermodynamic Time Reversal: Physics as Transition Dynamics","90_LEGACY\07_CANON\01_Treatises\Treatise_02_Thermodynamic_Time_Reversal.html","","publicar/90_LEGACY/07_CANON/01_Treatises/Treatise_02_Thermodynamic_Time_Reversal.html"
"to_publish","html_existing","Path A: Precision Physics Results from First Principles","90_LEGACY\07_CANON\01_Treatises\Treatise_03_Precision_Physics.html","","publicar/90_LEGACY/07_CANON/01_Treatises/Treatise_03_Precision_Physics.html"
"to_publish","html_existing","Structural Selection in Mathematical Physics: The Thermodynamic Censor","90_LEGACY\07_CANON\01_Treatises\Treatise_04_Structural_Selection.html","","publicar/90_LEGACY/07_CANON/01_Treatises/Treatise_04_Structural_Selection.html"
"to_publish","html_existing","The Theory of Structural Solvability: A Meta-Theoretical Classification of Decision Problems","90_LEGACY\07_CANON\01_Treatises\Treatise_05_Structural_Solvability.html","","publicar/90_LEGACY/07_CANON/01_Treatises/Treatise_05_Structural_Solvability.html"
"to_publish","html_existing","The Principles of Thermodynamic Structuralism: The Realizability Constraint on Mathematical Existence","90_LEGACY\07_CANON\01_Treatises\Treatise_06_Thermodynamic_Structuralism.html","","publicar/90_LEGACY/07_CANON/01_Treatises/Treatise_06_Thermodynamic_Structuralism.html"
"to_publish","html_existing","The Computational Architecture of Reality: The Tamesis Kernel and the Emergence of Spacetime","90_LEGACY\07_CANON\01_Treatises\Treatise_07_Computational_Architecture.html","","publicar/90_LEGACY/07_CANON/01_Treatises/Treatise_07_Computational_Architecture.html"
"to_publish","html_existing","The Resolution of the P vs NP Problem: Algorithmic Entropy and Thermodynamic Censorship","90_LEGACY\07_CANON\01_Treatises\Treatise_08_P_vs_NP_Resolution.html","","publicar/90_LEGACY/07_CANON/01_Treatises/Treatise_08_P_vs_NP_Resolution.html"
"to_publish","html_existing","The Thermodynamic Proof of the Riemann Hypothesis: Spectral Stability at the Critical Instant","90_LEGACY\07_CANON\01_Treatises\Treatise_09_Riemann_Hypothesis_Proof.html","","publicar/90_LEGACY/07_CANON/01_Treatises/Treatise_09_Riemann_Hypothesis_Proof.html"
"to_publish","html_existing","Regularity of Navier-Stokes via Regime Incompatibility: Thermodynamic Censorship of Singularities","90_LEGACY\07_CANON\01_Treatises\Treatise_10_Navier_Stokes_Regularity.html","","publicar/90_LEGACY/07_CANON/01_Treatises/Treatise_10_Navier_Stokes_Regularity.html"
"to_publish","html_existing","Mass Gap and Coercivity in Yang-Mills Theory: The Structural Suppression of Gapless Phases","90_LEGACY\07_CANON\01_Treatises\Treatise_11_Yang_Mills_Mass_Gap.html","","publicar/90_LEGACY/07_CANON/01_Treatises/Treatise_11_Yang_Mills_Mass_Gap.html"
"to_publish","html_existing","The Topological Theory of Cognitive States: Spectral Signatures and Thermodynamic Limits","90_LEGACY\07_CANON\01_Treatises\Treatise_12_Cognitive_Physics.html","","publicar/90_LEGACY/07_CANON/01_Treatises/Treatise_12_Cognitive_Physics.html"
"to_publish","html_existing","The Topological Theory of Cognitive States: Spectral Signatures and Thermodynamic Limits","90_LEGACY\08_COGNITIVE_TOPOLOGY\paper.html","","publicar/90_LEGACY/08_COGNITIVE_TOPOLOGY/paper.html"
"to_publish","html_existing","Foundations of Relational Cognition: Ontology, Dynamics, and Phenomenology","90_LEGACY\08_COGNITIVE_TOPOLOGY\THEORY_COGNITIVE_FOUNDATION\index.html","","publicar/90_LEGACY/08_COGNITIVE_TOPOLOGY/THEORY_COGNITIVE_FOUNDATION/index.html"
"to_publish","html_existing","Topological Theory of Cognitive States","90_LEGACY\08_COGNITIVE_TOPOLOGY\TOPOLOGICAL_THEORY_OF_COGNITIVE_STATES\paper.html","","publicar/90_LEGACY/08_COGNITIVE_TOPOLOGY/TOPOLOGICAL_THEORY_OF_COGNITIVE_STATES/paper.html"
"to_publish","markdown_converted","Header Info","90_LEGACY\08_COGNITIVE_TOPOLOGY\TOPOLOGICAL_THEORY_OF_COGNITIVE_STATES\PAPER_A_ANCHOR_OUTLINE.html","90_LEGACY\08_COGNITIVE_TOPOLOGY\TOPOLOGICAL_THEORY_OF_COGNITIVE_STATES\PAPER_A_ANCHOR_OUTLINE.md","publicar/90_LEGACY/08_COGNITIVE_TOPOLOGY/TOPOLOGICAL_THEORY_OF_COGNITIVE_STATES/PAPER_A_ANCHOR_OUTLINE.html"
"to_publish","markdown_converted","Header Info","90_LEGACY\08_COGNITIVE_TOPOLOGY\TOPOLOGICAL_THEORY_OF_COGNITIVE_STATES\PAPER_B_SPECTRAL_SIGNATURES.html","90_LEGACY\08_COGNITIVE_TOPOLOGY\TOPOLOGICAL_THEORY_OF_COGNITIVE_STATES\PAPER_B_SPECTRAL_SIGNATURES.md","publicar/90_LEGACY/08_COGNITIVE_TOPOLOGY/TOPOLOGICAL_THEORY_OF_COGNITIVE_STATES/PAPER_B_SPECTRAL_SIGNATURES.html"
"to_publish","html_existing","The Computational Architecture of Reality: Complete Theory of Everything","RECURSOS_PARA_PESQUISA\07_MILLENNIUM_VALIDATION\DOCS\Treatise_07_Computational_Architecture_v3_COMPLETE.html","","publicar/RECURSOS_PARA_PESQUISA/07_MILLENNIUM_VALIDATION/DOCS/Treatise_07_Computational_Architecture_v3_COMPLETE.html"
"to_publish","html_existing","Thermodynamic Constraints on Non-Polynomial Time Complexity","RECURSOS_PARA_PESQUISA\07_MILLENNIUM_VALIDATION\P_vs_NP_Paper\paper_p_vs_np.html","","publicar/RECURSOS_PARA_PESQUISA/07_MILLENNIUM_VALIDATION/P_vs_NP_Paper/paper_p_vs_np.html"
"to_publish","html_existing","Restrições Termodinâmicas na Complexidade de Tempo Não-Polinomial","RECURSOS_PARA_PESQUISA\07_MILLENNIUM_VALIDATION\P_vs_NP_Paper\paper_p_vs_np_ptbr.html","","publicar/RECURSOS_PARA_PESQUISA/07_MILLENNIUM_VALIDATION/P_vs_NP_Paper/paper_p_vs_np_ptbr.html"
"to_publish","markdown_converted","APPENDIX A: RIGOROUS MATHEMATICAL DERIVATIONS","RECURSOS_PARA_PESQUISA\07_MILLENNIUM_VALIDATION\PROBLEM_01_P_VS_NP\04_PAPERS\PAPER_A_APPENDIX_PROOFS.html","RECURSOS_PARA_PESQUISA\07_MILLENNIUM_VALIDATION\PROBLEM_01_P_VS_NP\04_PAPERS\PAPER_A_APPENDIX_PROOFS.md","publicar/RECURSOS_PARA_PESQUISA/07_MILLENNIUM_VALIDATION/PROBLEM_01_P_VS_NP/04_PAPERS/PAPER_A_APPENDIX_PROOFS.html"
"to_publish","markdown_converted","DOCUMENT A: COMPLEXITY CENSORSHIP AND PHYSICAL REALIZABILITY","RECURSOS_PARA_PESQUISA\07_MILLENNIUM_VALIDATION\PROBLEM_01_P_VS_NP\04_PAPERS\PAPER_A_COMPLEXITY_CENSORSHIP.html","RECURSOS_PARA_PESQUISA\07_MILLENNIUM_VALIDATION\PROBLEM_01_P_VS_NP\04_PAPERS\PAPER_A_COMPLEXITY_CENSORSHIP.md","publicar/RECURSOS_PARA_PESQUISA/07_MILLENNIUM_VALIDATION/PROBLEM_01_P_VS_NP/04_PAPERS/PAPER_A_COMPLEXITY_CENSORSHIP.html"
"to_publish","markdown_converted","DOCUMENT B: PHYSICAL FRAMEWORK","RECURSOS_PARA_PESQUISA\07_MILLENNIUM_VALIDATION\PROBLEM_01_P_VS_NP\04_PAPERS\PAPER_B_THERMODYNAMIC_FRAMEWORK.html","RECURSOS_PARA_PESQUISA\07_MILLENNIUM_VALIDATION\PROBLEM_01_P_VS_NP\04_PAPERS\PAPER_B_THERMODYNAMIC_FRAMEWORK.md","publicar/RECURSOS_PARA_PESQUISA/07_MILLENNIUM_VALIDATION/PROBLEM_01_P_VS_NP/04_PAPERS/PAPER_B_THERMODYNAMIC_FRAMEWORK.html"
"to_publish","markdown_converted","DOCUMENT C: EXPERIMENTAL EVIDENCE","RECURSOS_PARA_PESQUISA\07_MILLENNIUM_VALIDATION\PROBLEM_01_P_VS_NP\04_PAPERS\PAPER_C_EXPERIMENTAL_EVIDENCE.html","RECURSOS_PARA_PESQUISA\07_MILLENNIUM_VALIDATION\PROBLEM_01_P_VS_NP\04_PAPERS\PAPER_C_EXPERIMENTAL_EVIDENCE.md","publicar/RECURSOS_PARA_PESQUISA/07_MILLENNIUM_VALIDATION/PROBLEM_01_P_VS_NP/04_PAPERS/PAPER_C_EXPERIMENTAL_EVIDENCE.html"
"to_publish","markdown_converted","Thermodynamic Constraints on Computational Complexity","RECURSOS_PARA_PESQUISA\07_MILLENNIUM_VALIDATION\PROBLEM_01_P_VS_NP\04_PAPERS\PAPER_UNIFIED_DRAFT.html","RECURSOS_PARA_PESQUISA\07_MILLENNIUM_VALIDATION\PROBLEM_01_P_VS_NP\04_PAPERS\PAPER_UNIFIED_DRAFT.md","publicar/RECURSOS_PARA_PESQUISA/07_MILLENNIUM_VALIDATION/PROBLEM_01_P_VS_NP/04_PAPERS/PAPER_UNIFIED_DRAFT.html"
"to_publish","html_existing","Thermodynamic Constraints on Computational Complexity: A Physical No-Go Theorem for NP-Completeness","RECURSOS_PARA_PESQUISA\07_MILLENNIUM_VALIDATION\PROBLEM_01_P_VS_NP\assets\PAPER_UNIFIED_DRAFT.html","","publicar/RECURSOS_PARA_PESQUISA/07_MILLENNIUM_VALIDATION/PROBLEM_01_P_VS_NP/assets/PAPER_UNIFIED_DRAFT.html"
"to_publish","markdown_converted","Arithmetic Rigidity and the Uniqueness of the Riemann Spe...","RECURSOS_PARA_PESQUISA\07_MILLENNIUM_VALIDATION\PROBLEM_02_RIEMANN\04_PAPERS\ARITHMETIC_RIGIDITY.html","RECURSOS_PARA_PESQUISA\07_MILLENNIUM_VALIDATION\PROBLEM_02_RIEMANN\04_PAPERS\ARITHMETIC_RIGIDITY.md","publicar/RECURSOS_PARA_PESQUISA/07_MILLENNIUM_VALIDATION/PROBLEM_02_RIEMANN/04_PAPERS/ARITHMETIC_RIGIDITY.html"
"to_publish","markdown_converted","APPENDIX A: RIGOROUS MATHEMATICAL DERIVATIONS","RECURSOS_PARA_PESQUISA\07_MILLENNIUM_VALIDATION\PROBLEM_02_RIEMANN\04_PAPERS\PAPER_A_APPENDIX_PROOFS.html","RECURSOS_PARA_PESQUISA\07_MILLENNIUM_VALIDATION\PROBLEM_02_RIEMANN\04_PAPERS\PAPER_A_APPENDIX_PROOFS.md","publicar/RECURSOS_PARA_PESQUISA/07_MILLENNIUM_VALIDATION/PROBLEM_02_RIEMANN/04_PAPERS/PAPER_A_APPENDIX_PROOFS.html"
"to_publish","markdown_converted","DOCUMENT A: STRUCTURAL EXCLUSION AND THE CRITICAL LINE","RECURSOS_PARA_PESQUISA\07_MILLENNIUM_VALIDATION\PROBLEM_02_RIEMANN\04_PAPERS\PAPER_A_STRUCTURAL_EXCLUSION.html","RECURSOS_PARA_PESQUISA\07_MILLENNIUM_VALIDATION\PROBLEM_02_RIEMANN\04_PAPERS\PAPER_A_STRUCTURAL_EXCLUSION.md","publicar/RECURSOS_PARA_PESQUISA/07_MILLENNIUM_VALIDATION/PROBLEM_02_RIEMANN/04_PAPERS/PAPER_A_STRUCTURAL_EXCLUSION.html"
"to_publish","markdown_converted","DOCUMENT B: PHYSICAL MOTIVATION AND INTERPRETATION","RECURSOS_PARA_PESQUISA\07_MILLENNIUM_VALIDATION\PROBLEM_02_RIEMANN\04_PAPERS\PAPER_B_PHYSICAL_MOTIVATION.html","RECURSOS_PARA_PESQUISA\07_MILLENNIUM_VALIDATION\PROBLEM_02_RIEMANN\04_PAPERS\PAPER_B_PHYSICAL_MOTIVATION.md","publicar/RECURSOS_PARA_PESQUISA/07_MILLENNIUM_VALIDATION/PROBLEM_02_RIEMANN/04_PAPERS/PAPER_B_PHYSICAL_MOTIVATION.html"
"to_publish","markdown_converted","DOCUMENT C: NUMERICAL EVIDENCE","RECURSOS_PARA_PESQUISA\07_MILLENNIUM_VALIDATION\PROBLEM_02_RIEMANN\04_PAPERS\PAPER_C_NUMERICAL_EVIDENCE.html","RECURSOS_PARA_PESQUISA\07_MILLENNIUM_VALIDATION\PROBLEM_02_RIEMANN\04_PAPERS\PAPER_C_NUMERICAL_EVIDENCE.md","publicar/RECURSOS_PARA_PESQUISA/07_MILLENNIUM_VALIDATION/PROBLEM_02_RIEMANN/04_PAPERS/PAPER_C_NUMERICAL_EVIDENCE.html"
"to_publish","html_existing","Structural Universality and the Critical Line","RECURSOS_PARA_PESQUISA\07_MILLENNIUM_VALIDATION\PROBLEM_02_RIEMANN\04_PAPERS\PAPER_RIEMANN_SPECTRAL_ORIGIN.html","","publicar/RECURSOS_PARA_PESQUISA/07_MILLENNIUM_VALIDATION/PROBLEM_02_RIEMANN/04_PAPERS/PAPER_RIEMANN_SPECTRAL_ORIGIN.html"
"to_publish","markdown_converted","THEORY: The Critical Instant (The Origin of the Operator)","RECURSOS_PARA_PESQUISA\07_MILLENNIUM_VALIDATION\PROBLEM_02_RIEMANN\04_PAPERS\THEORY_CRITICAL_INSTANT.html","RECURSOS_PARA_PESQUISA\07_MILLENNIUM_VALIDATION\PROBLEM_02_RIEMANN\04_PAPERS\THEORY_CRITICAL_INSTANT.md","publicar/RECURSOS_PARA_PESQUISA/07_MILLENNIUM_VALIDATION/PROBLEM_02_RIEMANN/04_PAPERS/THEORY_CRITICAL_INSTANT.html"
"to_publish","markdown_converted","THEORY: Structural Inevitability and Class $C{crit}$","RECURSOS_PARA_PESQUISA\07_MILLENNIUM_VALIDATION\PROBLEM_02_RIEMANN\04_PAPERS\THEORY_STRUCTURAL_INEVITABILITY.html","RECURSOS_PARA_PESQUISA\07_MILLENNIUM_VALIDATION\PROBLEM_02_RIEMANN\04_PAPERS\THEORY_STRUCTURAL_INEVITABILITY.md","publicar/RECURSOS_PARA_PESQUISA/07_MILLENNIUM_VALIDATION/PROBLEM_02_RIEMANN/04_PAPERS/THEORY_STRUCTURAL_INEVITABILITY.html"
"to_publish","markdown_converted","Regime Incompatibility in Fluid Dynamics: A Metatheoretic...","RECURSOS_PARA_PESQUISA\07_MILLENNIUM_VALIDATION\PROBLEM_03_NAVIER_STOKES\04_PAPERS\PAPER_A_REGIME_INCOMPATIBILITY.html","RECURSOS_PARA_PESQUISA\07_MILLENNIUM_VALIDATION\PROBLEM_03_NAVIER_STOKES\04_PAPERS\PAPER_A_REGIME_INCOMPATIBILITY.md","publicar/RECURSOS_PARA_PESQUISA/07_MILLENNIUM_VALIDATION/PROBLEM_03_NAVIER_STOKES/04_PAPERS/PAPER_A_REGIME_INCOMPATIBILITY.html"
"to_publish","markdown_converted","The Structural No-Go Theorem for NS Blow-up","RECURSOS_PARA_PESQUISA\07_MILLENNIUM_VALIDATION\PROBLEM_03_NAVIER_STOKES\04_PAPERS\PAPER_B_STRUCTURAL_NOGO.html","RECURSOS_PARA_PESQUISA\07_MILLENNIUM_VALIDATION\PROBLEM_03_NAVIER_STOKES\04_PAPERS\PAPER_B_STRUCTURAL_NOGO.md","publicar/RECURSOS_PARA_PESQUISA/07_MILLENNIUM_VALIDATION/PROBLEM_03_NAVIER_STOKES/04_PAPERS/PAPER_B_STRUCTURAL_NOGO.html"
"to_publish","markdown_converted","Structural Solvability in Gauge Theories: A Metatheoretic...","RECURSOS_PARA_PESQUISA\07_MILLENNIUM_VALIDATION\PROBLEM_04_YANG_MILLS\04_PAPERS\PAPER_A_STRUCTURAL_SOLVABILITY.html","RECURSOS_PARA_PESQUISA\07_MILLENNIUM_VALIDATION\PROBLEM_04_YANG_MILLS\04_PAPERS\PAPER_A_STRUCTURAL_SOLVABILITY.md","publicar/RECURSOS_PARA_PESQUISA/07_MILLENNIUM_VALIDATION/PROBLEM_04_YANG_MILLS/04_PAPERS/PAPER_A_STRUCTURAL_SOLVABILITY.html"
"to_publish","markdown_converted","Structural Suppression of Gapless Phases: The Mechanism o...","RECURSOS_PARA_PESQUISA\07_MILLENNIUM_VALIDATION\PROBLEM_04_YANG_MILLS\04_PAPERS\PAPER_B_STRUCTURAL_SUPPRESSION.html","RECURSOS_PARA_PESQUISA\07_MILLENNIUM_VALIDATION\PROBLEM_04_YANG_MILLS\04_PAPERS\PAPER_B_STRUCTURAL_SUPPRESSION.md","publicar/RECURSOS_PARA_PESQUISA/07_MILLENNIUM_VALIDATION/PROBLEM_04_YANG_MILLS/04_PAPERS/PAPER_B_STRUCTURAL_SUPPRESSION.html"
"to_publish","markdown_converted","Analytic Signature of Algebraic Rigidities: A Metatheoret...","RECURSOS_PARA_PESQUISA\07_MILLENNIUM_VALIDATION\PROBLEM_05_HODGE_CONJECTURE\04_PAPERS\PAPER_A_ANALYTIC_SIGNATURE.html","RECURSOS_PARA_PESQUISA\07_MILLENNIUM_VALIDATION\PROBLEM_05_HODGE_CONJECTURE\04_PAPERS\PAPER_A_ANALYTIC_SIGNATURE.md","publicar/RECURSOS_PARA_PESQUISA/07_MILLENNIUM_VALIDATION/PROBLEM_05_HODGE_CONJECTURE/04_PAPERS/PAPER_A_ANALYTIC_SIGNATURE.html"
"to_publish","markdown_converted","Surjectivity of the Structural Map: The No-Ghost Theorem ...","RECURSOS_PARA_PESQUISA\07_MILLENNIUM_VALIDATION\PROBLEM_05_HODGE_CONJECTURE\04_PAPERS\PAPER_B_SURJECTIVITY_MAP.html","RECURSOS_PARA_PESQUISA\07_MILLENNIUM_VALIDATION\PROBLEM_05_HODGE_CONJECTURE\04_PAPERS\PAPER_B_SURJECTIVITY_MAP.md","publicar/RECURSOS_PARA_PESQUISA/07_MILLENNIUM_VALIDATION/PROBLEM_05_HODGE_CONJECTURE/04_PAPERS/PAPER_B_SURJECTIVITY_MAP.html"
"to_publish","markdown_converted","Structural Limits of Analytic Classifiers in Arithmetic G...","RECURSOS_PARA_PESQUISA\07_MILLENNIUM_VALIDATION\PROBLEM_06_BIRCH_SWINNERTON_DYER\04_PAPERS\PAPER_B1_STRUCTURAL_LIMITS.html","RECURSOS_PARA_PESQUISA\07_MILLENNIUM_VALIDATION\PROBLEM_06_BIRCH_SWINNERTON_DYER\04_PAPERS\PAPER_B1_STRUCTURAL_LIMITS.md","publicar/RECURSOS_PARA_PESQUISA/07_MILLENNIUM_VALIDATION/PROBLEM_06_BIRCH_SWINNERTON_DYER/04_PAPERS/PAPER_B1_STRUCTURAL_LIMITS.html"
"to_publish","markdown_converted","On the Structural Non-Equivalence of Analytic and Arithme...","RECURSOS_PARA_PESQUISA\07_MILLENNIUM_VALIDATION\PROBLEM_06_BIRCH_SWINNERTON_DYER\04_PAPERS\PAPER_B2_NON_EQUIVALENCE.html","RECURSOS_PARA_PESQUISA\07_MILLENNIUM_VALIDATION\PROBLEM_06_BIRCH_SWINNERTON_DYER\04_PAPERS\PAPER_B2_NON_EQUIVALENCE.md","publicar/RECURSOS_PARA_PESQUISA/07_MILLENNIUM_VALIDATION/PROBLEM_06_BIRCH_SWINNERTON_DYER/04_PAPERS/PAPER_B2_NON_EQUIVALENCE.html"
"to_publish","html_existing","Thermodynamic Stability of Hybrid Cognitive Systems","RECURSOS_PARA_PESQUISA\08_APPLICATIONS\HYBRID_CYBERNETICS\05_PAPER\paper.html","","publicar/RECURSOS_PARA_PESQUISA/08_APPLICATIONS/HYBRID_CYBERNETICS/05_PAPER/paper.html"
"to_publish","markdown_converted","Thermodynamic Stability of Hybrid Cognitive Systems under...","RECURSOS_PARA_PESQUISA\08_APPLICATIONS\HYBRID_CYBERNETICS\05_PAPER\paper_anchor.html","RECURSOS_PARA_PESQUISA\08_APPLICATIONS\HYBRID_CYBERNETICS\05_PAPER\paper_anchor.md","publicar/RECURSOS_PARA_PESQUISA/08_APPLICATIONS/HYBRID_CYBERNETICS/05_PAPER/paper_anchor.html"
"to_publish","html_existing","Empirical and Neuroinformational Bounds on Human Verification Bandwidth","RECURSOS_PARA_PESQUISA\08_APPLICATIONS\HYBRID_CYBERNETICS\06_PAPER_C_BIO\paper.html","","publicar/RECURSOS_PARA_PESQUISA/08_APPLICATIONS/HYBRID_CYBERNETICS/06_PAPER_C_BIO/paper.html"
"to_publish","markdown_converted","Empirical and Neuroinformational Bounds on Human Verifica...","RECURSOS_PARA_PESQUISA\08_APPLICATIONS\HYBRID_CYBERNETICS\06_PAPER_C_BIO\paper_c_bio.html","RECURSOS_PARA_PESQUISA\08_APPLICATIONS\HYBRID_CYBERNETICS\06_PAPER_C_BIO\paper_c_bio.md","publicar/RECURSOS_PARA_PESQUISA/08_APPLICATIONS/HYBRID_CYBERNETICS/06_PAPER_C_BIO/paper_c_bio.html"
"to_publish","markdown_converted","paper leue","RECURSOS_PARA_PESQUISA\LEGACY(CLOSED)\CERTIFICACAO\paper_leue.html","RECURSOS_PARA_PESQUISA\LEGACY(CLOSED)\CERTIFICACAO\paper_leue.md","publicar/RECURSOS_PARA_PESQUISA/LEGACY(CLOSED)/CERTIFICACAO/paper_leue.html"
"to_publish","html_existing","Certified Stability in Regime-Incompatible Architectures","RECURSOS_PARA_PESQUISA\LEGACY(CLOSED)\CERTIFIED_STABILITY (CLOSED)\certified_stability_paper.html","","publicar/RECURSOS_PARA_PESQUISA/LEGACY(CLOSED)/CERTIFIED_STABILITY (CLOSED)/certified_stability_paper.html"
"to_publish","markdown_converted","paper leue","RECURSOS_PARA_PESQUISA\LEGACY(CLOSED)\CERTIFIED_STABILITY (CLOSED)\paper_leue.html","RECURSOS_PARA_PESQUISA\LEGACY(CLOSED)\CERTIFIED_STABILITY (CLOSED)\paper_leue.md","publicar/RECURSOS_PARA_PESQUISA/LEGACY(CLOSED)/CERTIFIED_STABILITY (CLOSED)/paper_leue.html"
"to_publish","html_existing","The Theory of Regime Incompatibility and Thermodynamic Time Reversal","RECURSOS_PARA_PESQUISA\LEGACY(CLOSED)\PATH\example-article copy.html","","publicar/RECURSOS_PARA_PESQUISA/LEGACY(CLOSED)/PATH/example-article copy.html"
"to_publish","html_existing","The Grammar of Stability: Deriving Newtonian Gravity from Operator Stress Minimization","RECURSOS_PARA_PESQUISA\LEGACY(CLOSED)\TAMESIS_LEUE_HORIZON\GRAVITY_THEOREM_ABSTRACT.html","","publicar/RECURSOS_PARA_PESQUISA/LEGACY(CLOSED)/TAMESIS_LEUE_HORIZON/GRAVITY_THEOREM_ABSTRACT.html"
"to_publish","html_existing","From Resonance to Stability: An Operator-Based Framework for Structured Systems","RECURSOS_PARA_PESQUISA\LEGACY(CLOSED)\TAMESIS_LEUE_HORIZON\paper_leue.html","","publicar/RECURSOS_PARA_PESQUISA/LEGACY(CLOSED)/TAMESIS_LEUE_HORIZON/paper_leue.html"
"to_publish","markdown_converted","paper leue","RECURSOS_PARA_PESQUISA\LEGACY(CLOSED)\TAMESIS_LEUE_HORIZON\paper_leue_from_md.html","RECURSOS_PARA_PESQUISA\LEGACY(CLOSED)\TAMESIS_LEUE_HORIZON\paper_leue.md","publicar/RECURSOS_PARA_PESQUISA/LEGACY(CLOSED)/TAMESIS_LEUE_HORIZON/paper_leue_from_md.html"
"to_publish","html_existing","Neural-LMC: Transferring Physical Stability Operators to Deep Learning Optimization","RECURSOS_PARA_PESQUISA\LEGACY(CLOSED)\TAMESIS_LEUE_HORIZON\STAGE_3_ENGINEERING\NEURAL_LMC_PAPER.html","","publicar/RECURSOS_PARA_PESQUISA/LEGACY(CLOSED)/TAMESIS_LEUE_HORIZON/STAGE_3_ENGINEERING/NEURAL_LMC_PAPER.html"
"to_publish","html_existing","Structural Stability of Spacetime: From Formal Proofs to Engineering Applications","RECURSOS_PARA_PESQUISA\LEGACY(CLOSED)\TAMESIS_LEUE_HORIZON\STRUCTURAL_STABILITY_PAPER\STRUCTURAL_STABILITY_PAPER.html","","publicar/RECURSOS_PARA_PESQUISA/LEGACY(CLOSED)/TAMESIS_LEUE_HORIZON/STRUCTURAL_STABILITY_PAPER/STRUCTURAL_STABILITY_PAPER.html"
"to_publish","html_existing","Precision Derivation of Fundamental Constants via Entropic Geometry: Mc, a0, and H0","RECURSOS_PARA_PESQUISA\PATH_A_SCIENTIFIC_TRUTH\index.html","","publicar/RECURSOS_PARA_PESQUISA/PATH_A_SCIENTIFIC_TRUTH/index.html"
"to_publish","html_existing","Path A: Precision Physics Results from First Principles","RECURSOS_PARA_PESQUISA\PATH_A_SCIENTIFIC_TRUTH\paper.html","","publicar/RECURSOS_PARA_PESQUISA/PATH_A_SCIENTIFIC_TRUTH/paper.html"
"to_publish","html_existing","The Ontological Censor: Why Physical Reality Rejects Mathematical Pathologies","RECURSOS_PARA_PESQUISA\PROOF\index.html","","publicar/RECURSOS_PARA_PESQUISA/PROOF/index.html"
"to_publish","html_existing","Adaptive Dissipation as Effective Regularization in Finite-Bandwidth Fluids","RECURSOS_PARA_PESQUISA\PROOF\paper_01_fluid_dynamics.html","","publicar/RECURSOS_PARA_PESQUISA/PROOF/paper_01_fluid_dynamics.html"
"to_publish","html_existing","Spectral Universality Between Arithmetic and Random Matrix Ensembles","RECURSOS_PARA_PESQUISA\PROOF\paper_02_spectral_universality.html","","publicar/RECURSOS_PARA_PESQUISA/PROOF/paper_02_spectral_universality.html"
"to_publish","html_existing","Thermodynamic Complexity Classes and the Physical Limits of Exact Computation","RECURSOS_PARA_PESQUISA\PROOF\paper_03_thermodynamic_complexity.html","","publicar/RECURSOS_PARA_PESQUISA/PROOF/paper_03_thermodynamic_complexity.html"
"to_publish","html_existing","The Theory of Regime Incompatibility and Thermodynamic Time Reversal","RECURSOS_PARA_PESQUISA\TRI-TDTR-TAMESIS.html","","publicar/RECURSOS_PARA_PESQUISA/TRI-TDTR-TAMESIS.html"
"to_publish","html_existing","Structural Selection in Mathematical Physics: The Thermodynamic Censor","RECURSOS_PARA_PESQUISA\UNIFIED_THEORY\paper.html","","publicar/RECURSOS_PARA_PESQUISA/UNIFIED_THEORY/paper.html"